/*
 Navicat Premium Data Transfer

 Source Server         : Postgres14
 Source Server Type    : PostgreSQL
 Source Server Version : 140006 (140006)
 Source Host           : localhost:5432
 Source Catalog        : EPatientDb
 Source Schema         : dbo

 Target Server Type    : PostgreSQL
 Target Server Version : 140006 (140006)
 File Encoding         : 65001

 Date: 25/06/2023 02:20:18
*/


-- ----------------------------
-- Sequence structure for EmergencyDoctors_Id_seq
-- ----------------------------
DROP SEQUENCE IF EXISTS "dbo"."EmergencyDoctors_Id_seq";
CREATE SEQUENCE "dbo"."EmergencyDoctors_Id_seq" 
INCREMENT 1
MINVALUE  1
MAXVALUE 2147483647
START 1
CACHE 1;

-- ----------------------------
-- Sequence structure for Patients_Id_seq
-- ----------------------------
DROP SEQUENCE IF EXISTS "dbo"."Patients_Id_seq";
CREATE SEQUENCE "dbo"."Patients_Id_seq" 
INCREMENT 1
MINVALUE  1
MAXVALUE 2147483647
START 1
CACHE 1;

-- ----------------------------
-- Sequence structure for Pavilions_Id_seq
-- ----------------------------
DROP SEQUENCE IF EXISTS "dbo"."Pavilions_Id_seq";
CREATE SEQUENCE "dbo"."Pavilions_Id_seq" 
INCREMENT 1
MINVALUE  1
MAXVALUE 2147483647
START 1
CACHE 1;

-- ----------------------------
-- Sequence structure for Reservations_Id_seq
-- ----------------------------
DROP SEQUENCE IF EXISTS "dbo"."Reservations_Id_seq";
CREATE SEQUENCE "dbo"."Reservations_Id_seq" 
INCREMENT 1
MINVALUE  1
MAXVALUE 2147483647
START 1
CACHE 1;

-- ----------------------------
-- Sequence structure for Roles_Id_seq
-- ----------------------------
DROP SEQUENCE IF EXISTS "dbo"."Roles_Id_seq";
CREATE SEQUENCE "dbo"."Roles_Id_seq" 
INCREMENT 1
MINVALUE  1
MAXVALUE 2147483647
START 1
CACHE 1;

-- ----------------------------
-- Sequence structure for Services_Id_seq
-- ----------------------------
DROP SEQUENCE IF EXISTS "dbo"."Services_Id_seq";
CREATE SEQUENCE "dbo"."Services_Id_seq" 
INCREMENT 1
MINVALUE  1
MAXVALUE 2147483647
START 1
CACHE 1;

-- ----------------------------
-- Sequence structure for Timetables_Id_seq
-- ----------------------------
DROP SEQUENCE IF EXISTS "dbo"."Timetables_Id_seq";
CREATE SEQUENCE "dbo"."Timetables_Id_seq" 
INCREMENT 1
MINVALUE  1
MAXVALUE 2147483647
START 1
CACHE 1;

-- ----------------------------
-- Sequence structure for Users_Id_seq
-- ----------------------------
DROP SEQUENCE IF EXISTS "dbo"."Users_Id_seq";
CREATE SEQUENCE "dbo"."Users_Id_seq" 
INCREMENT 1
MINVALUE  1
MAXVALUE 2147483647
START 1
CACHE 1;

-- ----------------------------
-- Table structure for EmergencyDoctors
-- ----------------------------
DROP TABLE IF EXISTS "dbo"."EmergencyDoctors";
CREATE TABLE "dbo"."EmergencyDoctors" (
  "Id" int4 NOT NULL DEFAULT nextval('"dbo"."EmergencyDoctors_Id_seq"'::regclass),
  "Date" timestamp(6) NOT NULL,
  "UserId" int4 NOT NULL
)
;

-- ----------------------------
-- Records of EmergencyDoctors
-- ----------------------------
INSERT INTO "dbo"."EmergencyDoctors" VALUES (2, '2023-06-22 00:00:00', 4);
INSERT INTO "dbo"."EmergencyDoctors" VALUES (3, '2023-06-23 00:00:00', 186);
INSERT INTO "dbo"."EmergencyDoctors" VALUES (4, '2023-06-24 00:00:00', 3);
INSERT INTO "dbo"."EmergencyDoctors" VALUES (5, '2023-06-25 00:00:00', 4);
INSERT INTO "dbo"."EmergencyDoctors" VALUES (6, '2023-06-26 00:00:00', 186);
INSERT INTO "dbo"."EmergencyDoctors" VALUES (7, '2023-06-27 00:00:00', 3);
INSERT INTO "dbo"."EmergencyDoctors" VALUES (8, '2023-06-28 00:00:00', 4);
INSERT INTO "dbo"."EmergencyDoctors" VALUES (9, '2023-06-29 00:00:00', 186);
INSERT INTO "dbo"."EmergencyDoctors" VALUES (10, '2023-06-30 00:00:00', 3);
INSERT INTO "dbo"."EmergencyDoctors" VALUES (11, '2023-07-01 00:00:00', 4);
INSERT INTO "dbo"."EmergencyDoctors" VALUES (12, '2023-07-02 00:00:00', 186);
INSERT INTO "dbo"."EmergencyDoctors" VALUES (13, '2023-07-03 00:00:00', 3);
INSERT INTO "dbo"."EmergencyDoctors" VALUES (14, '2023-07-04 00:00:00', 4);
INSERT INTO "dbo"."EmergencyDoctors" VALUES (15, '2023-07-05 00:00:00', 186);
INSERT INTO "dbo"."EmergencyDoctors" VALUES (16, '2023-07-06 00:00:00', 3);
INSERT INTO "dbo"."EmergencyDoctors" VALUES (17, '2023-07-07 00:00:00', 4);
INSERT INTO "dbo"."EmergencyDoctors" VALUES (18, '2023-07-08 00:00:00', 186);
INSERT INTO "dbo"."EmergencyDoctors" VALUES (19, '2023-07-09 00:00:00', 3);
INSERT INTO "dbo"."EmergencyDoctors" VALUES (20, '2023-07-10 00:00:00', 4);
INSERT INTO "dbo"."EmergencyDoctors" VALUES (21, '2023-07-11 00:00:00', 186);
INSERT INTO "dbo"."EmergencyDoctors" VALUES (22, '2023-07-12 00:00:00', 3);
INSERT INTO "dbo"."EmergencyDoctors" VALUES (23, '2023-07-13 00:00:00', 4);
INSERT INTO "dbo"."EmergencyDoctors" VALUES (24, '2023-07-14 00:00:00', 186);
INSERT INTO "dbo"."EmergencyDoctors" VALUES (25, '2023-07-15 00:00:00', 3);
INSERT INTO "dbo"."EmergencyDoctors" VALUES (26, '2023-07-16 00:00:00', 4);
INSERT INTO "dbo"."EmergencyDoctors" VALUES (27, '2023-07-17 00:00:00', 186);
INSERT INTO "dbo"."EmergencyDoctors" VALUES (28, '2023-07-18 00:00:00', 3);
INSERT INTO "dbo"."EmergencyDoctors" VALUES (29, '2023-07-19 00:00:00', 4);
INSERT INTO "dbo"."EmergencyDoctors" VALUES (30, '2023-07-20 00:00:00', 186);
INSERT INTO "dbo"."EmergencyDoctors" VALUES (31, '2023-06-21 00:00:00', 6);
INSERT INTO "dbo"."EmergencyDoctors" VALUES (32, '2023-06-22 00:00:00', 7);
INSERT INTO "dbo"."EmergencyDoctors" VALUES (33, '2023-06-23 00:00:00', 6);
INSERT INTO "dbo"."EmergencyDoctors" VALUES (34, '2023-06-24 00:00:00', 7);
INSERT INTO "dbo"."EmergencyDoctors" VALUES (35, '2023-06-25 00:00:00', 6);
INSERT INTO "dbo"."EmergencyDoctors" VALUES (36, '2023-06-26 00:00:00', 7);
INSERT INTO "dbo"."EmergencyDoctors" VALUES (37, '2023-06-27 00:00:00', 6);
INSERT INTO "dbo"."EmergencyDoctors" VALUES (38, '2023-06-28 00:00:00', 7);
INSERT INTO "dbo"."EmergencyDoctors" VALUES (39, '2023-06-29 00:00:00', 6);
INSERT INTO "dbo"."EmergencyDoctors" VALUES (40, '2023-06-30 00:00:00', 7);
INSERT INTO "dbo"."EmergencyDoctors" VALUES (41, '2023-07-01 00:00:00', 6);
INSERT INTO "dbo"."EmergencyDoctors" VALUES (42, '2023-07-02 00:00:00', 7);
INSERT INTO "dbo"."EmergencyDoctors" VALUES (43, '2023-07-03 00:00:00', 6);
INSERT INTO "dbo"."EmergencyDoctors" VALUES (44, '2023-07-04 00:00:00', 7);
INSERT INTO "dbo"."EmergencyDoctors" VALUES (45, '2023-07-05 00:00:00', 6);
INSERT INTO "dbo"."EmergencyDoctors" VALUES (46, '2023-07-06 00:00:00', 7);
INSERT INTO "dbo"."EmergencyDoctors" VALUES (47, '2023-07-07 00:00:00', 6);
INSERT INTO "dbo"."EmergencyDoctors" VALUES (48, '2023-07-08 00:00:00', 7);
INSERT INTO "dbo"."EmergencyDoctors" VALUES (49, '2023-07-09 00:00:00', 6);
INSERT INTO "dbo"."EmergencyDoctors" VALUES (50, '2023-07-10 00:00:00', 7);
INSERT INTO "dbo"."EmergencyDoctors" VALUES (51, '2023-07-11 00:00:00', 6);
INSERT INTO "dbo"."EmergencyDoctors" VALUES (52, '2023-07-12 00:00:00', 7);
INSERT INTO "dbo"."EmergencyDoctors" VALUES (53, '2023-07-13 00:00:00', 6);
INSERT INTO "dbo"."EmergencyDoctors" VALUES (54, '2023-07-14 00:00:00', 7);
INSERT INTO "dbo"."EmergencyDoctors" VALUES (55, '2023-07-15 00:00:00', 6);
INSERT INTO "dbo"."EmergencyDoctors" VALUES (56, '2023-07-16 00:00:00', 7);
INSERT INTO "dbo"."EmergencyDoctors" VALUES (57, '2023-07-17 00:00:00', 6);
INSERT INTO "dbo"."EmergencyDoctors" VALUES (58, '2023-07-18 00:00:00', 7);
INSERT INTO "dbo"."EmergencyDoctors" VALUES (59, '2023-07-19 00:00:00', 6);
INSERT INTO "dbo"."EmergencyDoctors" VALUES (60, '2023-07-20 00:00:00', 7);
INSERT INTO "dbo"."EmergencyDoctors" VALUES (61, '2023-06-21 00:00:00', 9);
INSERT INTO "dbo"."EmergencyDoctors" VALUES (62, '2023-06-22 00:00:00', 10);
INSERT INTO "dbo"."EmergencyDoctors" VALUES (63, '2023-06-23 00:00:00', 9);
INSERT INTO "dbo"."EmergencyDoctors" VALUES (64, '2023-06-24 00:00:00', 10);
INSERT INTO "dbo"."EmergencyDoctors" VALUES (65, '2023-06-25 00:00:00', 9);
INSERT INTO "dbo"."EmergencyDoctors" VALUES (66, '2023-06-26 00:00:00', 10);
INSERT INTO "dbo"."EmergencyDoctors" VALUES (67, '2023-06-27 00:00:00', 9);
INSERT INTO "dbo"."EmergencyDoctors" VALUES (68, '2023-06-28 00:00:00', 10);
INSERT INTO "dbo"."EmergencyDoctors" VALUES (69, '2023-06-29 00:00:00', 9);
INSERT INTO "dbo"."EmergencyDoctors" VALUES (70, '2023-06-30 00:00:00', 10);
INSERT INTO "dbo"."EmergencyDoctors" VALUES (71, '2023-07-01 00:00:00', 9);
INSERT INTO "dbo"."EmergencyDoctors" VALUES (72, '2023-07-02 00:00:00', 10);
INSERT INTO "dbo"."EmergencyDoctors" VALUES (73, '2023-07-03 00:00:00', 9);
INSERT INTO "dbo"."EmergencyDoctors" VALUES (74, '2023-07-04 00:00:00', 10);
INSERT INTO "dbo"."EmergencyDoctors" VALUES (75, '2023-07-05 00:00:00', 9);
INSERT INTO "dbo"."EmergencyDoctors" VALUES (76, '2023-07-06 00:00:00', 10);
INSERT INTO "dbo"."EmergencyDoctors" VALUES (77, '2023-07-07 00:00:00', 9);
INSERT INTO "dbo"."EmergencyDoctors" VALUES (78, '2023-07-08 00:00:00', 10);
INSERT INTO "dbo"."EmergencyDoctors" VALUES (79, '2023-07-09 00:00:00', 9);
INSERT INTO "dbo"."EmergencyDoctors" VALUES (80, '2023-07-10 00:00:00', 10);
INSERT INTO "dbo"."EmergencyDoctors" VALUES (81, '2023-07-11 00:00:00', 9);
INSERT INTO "dbo"."EmergencyDoctors" VALUES (82, '2023-07-12 00:00:00', 10);
INSERT INTO "dbo"."EmergencyDoctors" VALUES (83, '2023-07-13 00:00:00', 9);
INSERT INTO "dbo"."EmergencyDoctors" VALUES (84, '2023-07-14 00:00:00', 10);
INSERT INTO "dbo"."EmergencyDoctors" VALUES (85, '2023-07-15 00:00:00', 9);
INSERT INTO "dbo"."EmergencyDoctors" VALUES (86, '2023-07-16 00:00:00', 10);
INSERT INTO "dbo"."EmergencyDoctors" VALUES (87, '2023-07-17 00:00:00', 9);
INSERT INTO "dbo"."EmergencyDoctors" VALUES (88, '2023-07-18 00:00:00', 10);
INSERT INTO "dbo"."EmergencyDoctors" VALUES (89, '2023-07-19 00:00:00', 9);
INSERT INTO "dbo"."EmergencyDoctors" VALUES (90, '2023-07-20 00:00:00', 10);
INSERT INTO "dbo"."EmergencyDoctors" VALUES (91, '2023-06-21 00:00:00', 12);
INSERT INTO "dbo"."EmergencyDoctors" VALUES (92, '2023-06-22 00:00:00', 13);
INSERT INTO "dbo"."EmergencyDoctors" VALUES (93, '2023-06-23 00:00:00', 12);
INSERT INTO "dbo"."EmergencyDoctors" VALUES (94, '2023-06-24 00:00:00', 13);
INSERT INTO "dbo"."EmergencyDoctors" VALUES (95, '2023-06-25 00:00:00', 12);
INSERT INTO "dbo"."EmergencyDoctors" VALUES (96, '2023-06-26 00:00:00', 13);
INSERT INTO "dbo"."EmergencyDoctors" VALUES (97, '2023-06-27 00:00:00', 12);
INSERT INTO "dbo"."EmergencyDoctors" VALUES (98, '2023-06-28 00:00:00', 13);
INSERT INTO "dbo"."EmergencyDoctors" VALUES (99, '2023-06-29 00:00:00', 12);
INSERT INTO "dbo"."EmergencyDoctors" VALUES (100, '2023-06-30 00:00:00', 13);
INSERT INTO "dbo"."EmergencyDoctors" VALUES (101, '2023-07-01 00:00:00', 12);
INSERT INTO "dbo"."EmergencyDoctors" VALUES (102, '2023-07-02 00:00:00', 13);
INSERT INTO "dbo"."EmergencyDoctors" VALUES (103, '2023-07-03 00:00:00', 12);
INSERT INTO "dbo"."EmergencyDoctors" VALUES (104, '2023-07-04 00:00:00', 13);
INSERT INTO "dbo"."EmergencyDoctors" VALUES (105, '2023-07-05 00:00:00', 12);
INSERT INTO "dbo"."EmergencyDoctors" VALUES (106, '2023-07-06 00:00:00', 13);
INSERT INTO "dbo"."EmergencyDoctors" VALUES (107, '2023-07-07 00:00:00', 12);
INSERT INTO "dbo"."EmergencyDoctors" VALUES (108, '2023-07-08 00:00:00', 13);
INSERT INTO "dbo"."EmergencyDoctors" VALUES (109, '2023-07-09 00:00:00', 12);
INSERT INTO "dbo"."EmergencyDoctors" VALUES (110, '2023-07-10 00:00:00', 13);
INSERT INTO "dbo"."EmergencyDoctors" VALUES (111, '2023-07-11 00:00:00', 12);
INSERT INTO "dbo"."EmergencyDoctors" VALUES (112, '2023-07-12 00:00:00', 13);
INSERT INTO "dbo"."EmergencyDoctors" VALUES (113, '2023-07-13 00:00:00', 12);
INSERT INTO "dbo"."EmergencyDoctors" VALUES (114, '2023-07-14 00:00:00', 13);
INSERT INTO "dbo"."EmergencyDoctors" VALUES (115, '2023-07-15 00:00:00', 12);
INSERT INTO "dbo"."EmergencyDoctors" VALUES (116, '2023-07-16 00:00:00', 13);
INSERT INTO "dbo"."EmergencyDoctors" VALUES (117, '2023-07-17 00:00:00', 12);
INSERT INTO "dbo"."EmergencyDoctors" VALUES (118, '2023-07-18 00:00:00', 13);
INSERT INTO "dbo"."EmergencyDoctors" VALUES (119, '2023-07-19 00:00:00', 12);
INSERT INTO "dbo"."EmergencyDoctors" VALUES (120, '2023-07-20 00:00:00', 13);
INSERT INTO "dbo"."EmergencyDoctors" VALUES (1, '2023-06-21 00:00:00', 186);

-- ----------------------------
-- Table structure for Patients
-- ----------------------------
DROP TABLE IF EXISTS "dbo"."Patients";
CREATE TABLE "dbo"."Patients" (
  "Id" int4 NOT NULL DEFAULT nextval('"dbo"."Patients_Id_seq"'::regclass),
  "Name" varchar(255) COLLATE "pg_catalog"."default" NOT NULL,
  "Surname" varchar(255) COLLATE "pg_catalog"."default" NOT NULL,
  "Birthday" timestamp(6) NOT NULL,
  "Gender" bool NOT NULL,
  "Phone" varchar(50) COLLATE "pg_catalog"."default" NOT NULL,
  "Email" varchar(255) COLLATE "pg_catalog"."default" NOT NULL,
  "Allergies" text COLLATE "pg_catalog"."default"
)
;

-- ----------------------------
-- Records of Patients
-- ----------------------------
INSERT INTO "dbo"."Patients" VALUES (1, 'Dex', 'Sandy', '1998-03-02 00:00:00', 'f', '06845231', 'dexsandygmail.com', 'Latex, Gluten');
INSERT INTO "dbo"."Patients" VALUES (2, 'Meryl', 'Walter', '2015-03-08 00:00:00', 't', '0698447521', 'merylwaltergmail.com', 'Tetracycline');
INSERT INTO "dbo"."Patients" VALUES (3, 'Jony', 'Kay', '1996-12-09 00:00:00', 't', '06712547', 'jonykaygmail.com', NULL);
INSERT INTO "dbo"."Patients" VALUES (4, 'Velma', 'Doe', '1970-03-06 00:00:00', 'f', '068784512', 'velmadoegmail.com', NULL);
INSERT INTO "dbo"."Patients" VALUES (5, 'Caleb', 'Prue', '1991-10-06 00:00:00', 't', '0698447521', 'calebpruegmail.com', 'Penicillin');
INSERT INTO "dbo"."Patients" VALUES (6, 'п', 'а', '0001-01-01 00:00:00', 'f', 'в', 'а', NULL);

-- ----------------------------
-- Table structure for Pavilions
-- ----------------------------
DROP TABLE IF EXISTS "dbo"."Pavilions";
CREATE TABLE "dbo"."Pavilions" (
  "Id" int4 NOT NULL DEFAULT nextval('"dbo"."Pavilions_Id_seq"'::regclass),
  "Name" varchar(255) COLLATE "pg_catalog"."default" NOT NULL
)
;

-- ----------------------------
-- Records of Pavilions
-- ----------------------------
INSERT INTO "dbo"."Pavilions" VALUES (1, 'Pediatria');
INSERT INTO "dbo"."Pavilions" VALUES (2, 'Otorinolaringologjia');
INSERT INTO "dbo"."Pavilions" VALUES (3, 'Stomatologjia');
INSERT INTO "dbo"."Pavilions" VALUES (4, 'Oftamologjia');
INSERT INTO "dbo"."Pavilions" VALUES (5, 'Pediatria');
INSERT INTO "dbo"."Pavilions" VALUES (6, 'Otorinolaringologjia');
INSERT INTO "dbo"."Pavilions" VALUES (7, 'Stomatologjia');
INSERT INTO "dbo"."Pavilions" VALUES (8, 'Oftamologjia');
INSERT INTO "dbo"."Pavilions" VALUES (77, 'Pediatria');
INSERT INTO "dbo"."Pavilions" VALUES (78, 'Otorinolaringologjia');
INSERT INTO "dbo"."Pavilions" VALUES (79, 'Stomatologjia');
INSERT INTO "dbo"."Pavilions" VALUES (80, 'Oftamologjia');

-- ----------------------------
-- Table structure for Reservations
-- ----------------------------
DROP TABLE IF EXISTS "dbo"."Reservations";
CREATE TABLE "dbo"."Reservations" (
  "Id" int4 NOT NULL DEFAULT nextval('"dbo"."Reservations_Id_seq"'::regclass),
  "StartTime" timestamp(6) NOT NULL,
  "EndTime" timestamp(6) NOT NULL,
  "Paid" bool NOT NULL,
  "PatientId" int4 NOT NULL,
  "ServiceId" int4 NOT NULL,
  "UserId" int4 NOT NULL,
  "Done" bool,
  "Recipe" text COLLATE "pg_catalog"."default",
  "File" bytea,
  "FileName" varchar(255) COLLATE "pg_catalog"."default"
)
;

-- ----------------------------
-- Records of Reservations
-- ----------------------------
INSERT INTO "dbo"."Reservations" VALUES (5, '2018-02-21 08:00:00', '2018-02-21 08:30:00', 'f', 1, 6, 6, 't', NULL, NULL, NULL);
INSERT INTO "dbo"."Reservations" VALUES (7, '2018-02-21 08:00:00', '2018-02-21 08:30:00', 'f', 2, 1, 3, 't', NULL, NULL, NULL);
INSERT INTO "dbo"."Reservations" VALUES (8, '2018-02-22 12:00:00', '2018-02-22 12:30:00', 'f', 2, 2, 4, 't', NULL, NULL, NULL);
INSERT INTO "dbo"."Reservations" VALUES (9, '2018-02-21 08:00:00', '2018-02-21 08:30:00', 'f', 3, 10, 6, 't', NULL, NULL, NULL);
INSERT INTO "dbo"."Reservations" VALUES (11, '2018-02-21 08:00:00', '2018-02-21 08:30:00', 'f', 4, 10, 11, 't', NULL, NULL, NULL);
INSERT INTO "dbo"."Reservations" VALUES (12, '2018-02-22 12:00:00', '2018-02-22 12:30:00', 'f', 4, 12, 12, 't', NULL, NULL, NULL);
INSERT INTO "dbo"."Reservations" VALUES (13, '2018-02-21 08:00:00', '2018-02-21 08:30:00', 'f', 5, 4, 7, 't', NULL, NULL, NULL);
INSERT INTO "dbo"."Reservations" VALUES (14, '2018-02-22 12:00:00', '2018-02-22 12:30:00', 'f', 5, 5, 8, 'f', NULL, NULL, NULL);
INSERT INTO "dbo"."Reservations" VALUES (6, '2018-02-22 12:00:00', '2018-02-22 12:20:00', 'f', 1, 7, 9, 'f', NULL, NULL, NULL);
INSERT INTO "dbo"."Reservations" VALUES (10, '2018-02-22 12:00:00', '2018-02-22 12:30:00', 't', 3, 8, 13, 'f', NULL, NULL, NULL);

-- ----------------------------
-- Table structure for Roles
-- ----------------------------
DROP TABLE IF EXISTS "dbo"."Roles";
CREATE TABLE "dbo"."Roles" (
  "Id" int4 NOT NULL DEFAULT nextval('"dbo"."Roles_Id_seq"'::regclass),
  "Name" varchar(255) COLLATE "pg_catalog"."default" NOT NULL
)
;

-- ----------------------------
-- Records of Roles
-- ----------------------------
INSERT INTO "dbo"."Roles" VALUES (8, 'Nurse');
INSERT INTO "dbo"."Roles" VALUES (1, 'Admin');
INSERT INTO "dbo"."Roles" VALUES (2, 'Operator');
INSERT INTO "dbo"."Roles" VALUES (3, 'Doctor');

-- ----------------------------
-- Table structure for Services
-- ----------------------------
DROP TABLE IF EXISTS "dbo"."Services";
CREATE TABLE "dbo"."Services" (
  "Id" int4 NOT NULL DEFAULT nextval('"dbo"."Services_Id_seq"'::regclass),
  "Name" varchar(255) COLLATE "pg_catalog"."default" NOT NULL,
  "Price" float4 NOT NULL,
  "Duration" int4 NOT NULL,
  "PavilionId" int4 NOT NULL
)
;

-- ----------------------------
-- Records of Services
-- ----------------------------
INSERT INTO "dbo"."Services" VALUES (1, 'Konsulte', 1500, 20, 1);
INSERT INTO "dbo"."Services" VALUES (2, 'Vizite viroze', 2500, 35, 1);
INSERT INTO "dbo"."Services" VALUES (3, 'Analize gjaku femije', 2000, 20, 1);
INSERT INTO "dbo"."Services" VALUES (4, 'Konsulte', 1500, 20, 2);
INSERT INTO "dbo"."Services" VALUES (5, 'Analize fyti', 2500, 30, 2);
INSERT INTO "dbo"."Services" VALUES (6, 'Eko', 2000, 30, 2);
INSERT INTO "dbo"."Services" VALUES (7, 'Kontroll dhembesh', 5000, 20, 3);
INSERT INTO "dbo"."Services" VALUES (8, 'Grafi', 1800, 15, 3);
INSERT INTO "dbo"."Services" VALUES (9, 'Mbushje dhemballe', 2500, 45, 3);
INSERT INTO "dbo"."Services" VALUES (10, 'Vizite per syte', 4300, 20, 4);
INSERT INTO "dbo"."Services" VALUES (11, 'Nderhyrje me lazer', 50000, 35, 4);
INSERT INTO "dbo"."Services" VALUES (12, 'Trajtim te Cornea', 6500, 50, 4);

-- ----------------------------
-- Table structure for Timetables
-- ----------------------------
DROP TABLE IF EXISTS "dbo"."Timetables";
CREATE TABLE "dbo"."Timetables" (
  "Id" int4 NOT NULL DEFAULT nextval('"dbo"."Timetables_Id_seq"'::regclass),
  "DayOfTheWeek" int4 NOT NULL,
  "StartTime" timestamp(6),
  "EndTime" timestamp(6),
  "DayOff" bool NOT NULL,
  "UserId" int4 NOT NULL
)
;

-- ----------------------------
-- Records of Timetables
-- ----------------------------
INSERT INTO "dbo"."Timetables" VALUES (5, 3, '2023-06-23 19:56:18', '2023-06-08 19:58:39', 'f', 5);
INSERT INTO "dbo"."Timetables" VALUES (6, 4, '2023-06-20 19:56:21', '2023-06-16 19:58:41', 'f', 6);
INSERT INTO "dbo"."Timetables" VALUES (7, 5, '2023-05-29 19:56:24', '2023-06-22 19:58:45', 'f', 7);
INSERT INTO "dbo"."Timetables" VALUES (8, 6, '2023-06-15 19:56:28', '2023-02-01 19:58:49', 't', 8);
INSERT INTO "dbo"."Timetables" VALUES (9, 7, '2023-06-14 19:59:18', '2023-06-15 19:58:27', 't', 9);
INSERT INTO "dbo"."Timetables" VALUES (4, 2, '1999-12-30 00:00:00', '2023-05-29 19:58:36', 'f', 4);
INSERT INTO "dbo"."Timetables" VALUES (16, 7, '2023-06-23 19:56:18', '2023-06-23 19:56:18', 't', 186);
INSERT INTO "dbo"."Timetables" VALUES (15, 6, '2023-06-23 19:56:18', '2023-06-23 19:56:18', 't', 186);
INSERT INTO "dbo"."Timetables" VALUES (14, 5, '2023-06-23 19:56:18', '2023-06-23 19:56:18', 't', 186);
INSERT INTO "dbo"."Timetables" VALUES (13, 4, '2023-06-23 19:56:18', '2023-06-23 19:56:18', 't', 186);
INSERT INTO "dbo"."Timetables" VALUES (12, 3, '2023-06-23 19:56:18', '2023-06-23 19:56:18', 't', 186);
INSERT INTO "dbo"."Timetables" VALUES (11, 2, '2023-06-23 19:56:18', '2023-06-23 19:56:18', 't', 186);
INSERT INTO "dbo"."Timetables" VALUES (10, 1, '2023-06-23 19:56:18', '2023-06-23 19:56:18', 't', 186);
INSERT INTO "dbo"."Timetables" VALUES (3, 1, '1999-12-30 03:00:00', '2023-06-08 19:58:33', 'f', 3);

-- ----------------------------
-- Table structure for Users
-- ----------------------------
DROP TABLE IF EXISTS "dbo"."Users";
CREATE TABLE "dbo"."Users" (
  "Id" int4 NOT NULL DEFAULT nextval('"dbo"."Users_Id_seq"'::regclass),
  "Name" varchar(255) COLLATE "pg_catalog"."default" NOT NULL,
  "Surname" varchar(255) COLLATE "pg_catalog"."default" NOT NULL,
  "Username" varchar(255) COLLATE "pg_catalog"."default" NOT NULL,
  "Password" varchar(255) COLLATE "pg_catalog"."default" NOT NULL,
  "RoleId" int4 NOT NULL,
  "PavilionId" int4
)
;

-- ----------------------------
-- Records of Users
-- ----------------------------
INSERT INTO "dbo"."Users" VALUES (3, 'John', 'Doe', 'johndoe', 'jbdGxQpaiR93MPnkhe8cE4PblcMUYYy+3ke4FYJjR4Xlms+V', 3, 1);
INSERT INTO "dbo"."Users" VALUES (4, 'Roman', 'Petermen', 'romanpetermen', 'jbdGxQpaiR93MPnkhe8cE4PblcMUYYy+3ke4FYJjR4Xlms+V', 3, 1);
INSERT INTO "dbo"."Users" VALUES (5, 'Wanda', 'Hans', 'wandahans', 'jbdGxQpaiR93MPnkhe8cE4PblcMUYYy+3ke4FYJjR4Xlms+V', 8, 1);
INSERT INTO "dbo"."Users" VALUES (6, 'Joseph', 'Smith', 'josephsmith', 'jbdGxQpaiR93MPnkhe8cE4PblcMUYYy+3ke4FYJjR4Xlms+V', 3, 2);
INSERT INTO "dbo"."Users" VALUES (7, 'Hector', 'Orum', 'hectororum', 'jbdGxQpaiR93MPnkhe8cE4PblcMUYYy+3ke4FYJjR4Xlms+V', 3, 2);
INSERT INTO "dbo"."Users" VALUES (8, 'Marcus', 'Kula', 'marcuskula', 'jbdGxQpaiR93MPnkhe8cE4PblcMUYYy+3ke4FYJjR4Xlms+V', 8, 2);
INSERT INTO "dbo"."Users" VALUES (9, 'Iliana', 'Rizzi', 'ilianarizzi', 'jbdGxQpaiR93MPnkhe8cE4PblcMUYYy+3ke4FYJjR4Xlms+V', 3, 3);
INSERT INTO "dbo"."Users" VALUES (10, 'Kisha', 'File', 'kishafile', 'jbdGxQpaiR93MPnkhe8cE4PblcMUYYy+3ke4FYJjR4Xlms+V', 3, 3);
INSERT INTO "dbo"."Users" VALUES (11, 'Erick', 'Lightle', 'ericklightle', 'jbdGxQpaiR93MPnkhe8cE4PblcMUYYy+3ke4FYJjR4Xlms+V', 8, 3);
INSERT INTO "dbo"."Users" VALUES (12, 'Angila', 'Kuo', 'angilakuo', 'jbdGxQpaiR93MPnkhe8cE4PblcMUYYy+3ke4FYJjR4Xlms+V', 3, 4);
INSERT INTO "dbo"."Users" VALUES (13, 'Kris', 'Larson', 'krislarson', 'jbdGxQpaiR93MPnkhe8cE4PblcMUYYy+3ke4FYJjR4Xlms+V', 3, 4);
INSERT INTO "dbo"."Users" VALUES (14, 'Emily', 'Walson', 'emilywalson', 'jbdGxQpaiR93MPnkhe8cE4PblcMUYYy+3ke4FYJjR4Xlms+V', 8, 4);
INSERT INTO "dbo"."Users" VALUES (15, 'Operator', 'Operator', 'operator', 'jbdGxQpaiR93MPnkhe8cE4PblcMUYYy+3ke4FYJjR4Xlms+V', 1, NULL);
INSERT INTO "dbo"."Users" VALUES (1, 'Иван', 'Иванович', 'ivan', 'GNOkPtGZay8RV0wwbsfe/6RlvkN3nB4Ho40O36to4Slj9uiv', 1, 1);
INSERT INTO "dbo"."Users" VALUES (186, 'Олег', 'Олегович', 'oleg', 'Zb03TqjYMbNWTfnlRwm7cZN10NQYYUIXctXnOTA+ZwS6ljvX', 3, 1);
INSERT INTO "dbo"."Users" VALUES (187, 'Игорь', 'Игоревич', 'igor', 'efQ3dCmUrMF0TF6RgGPRzcvXm4JPY6IK3JPfZDfHeDZ9JpOK', 8, 4);
INSERT INTO "dbo"."Users" VALUES (188, 'Вася', 'Васяев', 'vasa', '64dB5gLQ/XbK35JwzkhEbu5Qc1oasn0bnkSbxwC/cijXa7PZ', 2, 6);

-- ----------------------------
-- Table structure for __MigrationHistory
-- ----------------------------
DROP TABLE IF EXISTS "dbo"."__MigrationHistory";
CREATE TABLE "dbo"."__MigrationHistory" (
  "MigrationId" varchar(150) COLLATE "pg_catalog"."default" NOT NULL,
  "ContextKey" varchar(300) COLLATE "pg_catalog"."default" NOT NULL,
  "Model" bytea NOT NULL,
  "ProductVersion" varchar(32) COLLATE "pg_catalog"."default" NOT NULL
)
;

-- ----------------------------
-- Records of __MigrationHistory
-- ----------------------------
INSERT INTO "dbo"."__MigrationHistory" VALUES ('201801141635327_InitialMigration', 'EPatient.Migrations.Configuration', E'\\037\\213\\010\\000\\000\\000\\000\\000\\004\\000\\355]\\333n\\344\\270\\021}\\017\\220\\177\\020\\364\\224\\004\\263n\\333\\203\\001\\022\\243\\275\\013\\217\\355\\011\\214\\254\\307\\206\\333\\263\\311\\333\\200n\\261\\333\\302\\352\\322+Q\\216\\033A\\276,\\017\\371\\244\\374BHQ\\027\\336EI-\\251{\\306X`\\340\\346\\245X\\254:,\\026Kd\\355\\377\\376\\363\\337\\371O\\257a\\340\\274\\300$\\365\\343\\350\\334=9:v\\035\\030-c\\317\\217\\326\\347n\\206V?\\374\\331\\375\\351\\307\\337\\377n~\\355\\205\\257\\316/e\\273\\367\\244\\035\\356\\031\\245\\347\\3563B\\233\\263\\331,]>\\303\\020\\244G\\241\\277L\\3424^\\241\\243e\\034\\316\\200\\027\\317N\\217\\217\\3772;9\\231AL\\302\\305\\264\\034g\\376\\220E\\310\\017a\\376\\003\\377\\274\\214\\243%\\334\\240\\014\\004\\267\\261\\007\\203\\264(\\3075\\213\\234\\252\\363\\031\\2040\\335\\200%<w\\257\\357\\001\\362a\\204\\216hS\\327\\271\\010|\\200\\331X\\300`\\345: \\212b\\204\\033\\304\\321\\331\\227\\024.P\\022G\\353\\305\\006\\027\\200\\340q\\273\\201\\270\\335\\012\\004),\\230?\\253\\233\\333\\316\\343\\370\\224\\314cVw,I-\\263\\024\\305aK\\202''\\357\\013\\301\\314\\304\\356\\235\\304\\353V\\202\\303\\242\\273\\306"F[2\\353\\\\|Xr!L\\326X\\271\\333\\253x\\211\\342\\304u\\3041\\317.\\203\\204\\264\\227\\204|$t}\\347\\224\\015\\336U\\230\\300\\320!\\377\\275s.\\263\\000e\\011<\\217`\\206\\022\\020\\274s\\356\\263\\247\\300_\\376\\015n\\037\\343_at\\036eA\\3002\\212Y\\305u\\\\\\001.\\272O\\342\\015L\\320\\366\\001\\256\\012\\366o<\\327\\231\\361\\375fb\\307\\252\\033\\323\\207\\316\\350&B\\357O]\\3473\\036\\034<\\005\\260\\302\\0013\\373\\005\\236\\031\\374+\\214`\\002\\020\\364\\360\\004\\021L"B\\003\\346\\222\\224F\\027\\306\\272\\302\\275\\312\\321\\310\\337\\217\\030\\340\\212\\001\\315D0h\\223f\\246\\005\\032\\237\\301\\213\\277\\316\\347\\240\\240\\346:\\0170\\310+\\323g\\177C\\327\\211\\250\\317\\257\\264\\341\\247$\\016\\037\\342@\\206J^\\377u\\021g\\311\\222L164z\\004\\270\\014\\361,\\316g5\\026\\215\\010\\245l\\330\\303\\222\\264\\177\\303\\242b,\\362o9\\0326\\202\\330\\230\\273\\316-x\\375\\031Fk\\364|\\356\\236~\\370\\200\\265\\355\\277B\\257,)8\\370\\022\\371\\330\\366\\343N(\\311\\332\\203w\\221%\\321$\\003\\023\\034L3\\362=H\\323\\177\\306\\2117\\376\\310d\\015\\266\\266\\024\\022\\367/~\\200\\341&\\321\\26150%\\001\\245\\221\\311\\355A\\335\\242\\266.\\\\\\205dV\\370Z\\225=1qDh(\\271!\\025\\271\\211JYV\\352\\322j\\244\\222\\017\\246\\252d\\261\\223Q\\253%`o\\330\\312>o\\306m"\\343f\\255]\\2127{\\315\\222\\366oZ\\235H\\253M\\276R\\332\\315r\\210\\026LaT:Z\\216\\034$\\355\\014G\\201\\2537\\204}\\357N\\321G?A\\317\\036\\330\\366>\\223`\\211{\\304/\\247d>\\306\\030\\335 j\\357k<\\307\\221I\\012\\037\\216\\207\\020\\302u\\010\\374`|\\331_\\004\\001>\\033\\37105\\014\\215\\377\\034\\326\\242=@l\\202^\\2505S\\033\\266\\272\\301\\327\\312\\3260\\026N\\256\\226\\235$E\\233^\\336\\022C\\260\\325\\266Zw{\\263}*+\\204@\\202\\350\\352\\357i\\015\\256#o''t\\356\\201\\357\\365\\266)T\\317}\\217A\\013\\014\\035\\177\\331\\3734\\265\\333\\330M\\265 w\\263p%\\037\\305\\260\\270mY,\\344\\326\\310b\\325N\\315bQmd\\261l\\323\\226Em\\004\\214%.F\\277\\304:#g\\375\\243^\\225x\\354\\315]\\321\\345\\315\\324)\\306\\232\\306\\315\\273Or\\025\\026\\303\\342A\\203\\3664\\256\\262\\244\\330\\370\\006\\011\\352\\3640E\\206(O\\2712U\\201\\036\\261NZHR\\203^\\013\\351\\001.\\375M\\273\\323x\\336\\343m\\031)\\306\\372\\030{\\333\\021\\274W\\275\\317\\272;\\374r>\\245r/ (\\370\\3125cw\\003\\261V\\261\\037HMz\\001\\2318T\\210L\\265\\015\\226\\253NopV\\214u\\005\\266w\\253\\307g\\370w\\010\\177\\355\\351-\\356\\235+\\235\\317m\\325\\327\\231\\036\\351\\323c\\005S\\311\\355\\342k\\244E&T\\267Y`\\027i\\032/\\375\\234\\023\\206\\275z\\313\\342\\347\\204\\325\\342\\030?TP\\233X~\\342\\300f\\021\\257)\\177\\203W\\021\\036\\372\\334\\375\\223$$\\035\\301\\3520]\\023\\254wQ\\236\\350\\361\\321\\321\\211D\\027\\257>\\230\\020\\370\\203\\340\\022\\313\\030\\257g?B\\362R\\365#l\\235@`bA\\350d\\271\\302\\211\\300+\\362b\\315\\025\\334\\220\\270Q\\204L\\262\\264\\031\\227\\365g\\344\\361\\253a\\004\\333\\323$\\233\\371\\214\\001\\205\\031+L\\374W\\247WU0\\270V*\\375F\\300+\\364D\\234\\373\\374.\\272\\202\\001D\\320\\271X\\322\\373#\\227 ]\\002O^s\\030\\344\\236\\005#\\012t\\331\\301\\265\\023\\254d\\011\\214\\200)y\\2666\\203\\226_N''\\001\\223\\362\\346\\205N\\233\\346k\\030\\265^\\245\\233=\\366\\026\\311x\\211\\243\\001:;\\305p''\\324\\231\\270\\037\\001\\177&\\375\\330\\014_n\\271\\323\\2305E\\020IkVL\\021%\\306\\320\\261\\036\\264=\\006\\215\\201fvo,"]\\373\\206B\\003\\377c\\030A\\275n\\354\\266\\327*\\206:\\011\\014\\245\\370\\201\\016%\\372`B\\015\\221*\\224f\\017>m\\010\\302\\302+\\233\\036z:\\356G\\300\\235N\\037\\207\\341\\323)\\302\\3236\\346I\\212U\\357\\324\\370\\211Q\\356fdO\\217@\\003\\377#\\033?A76\\2433_~&\\207\\241\\321\\023\\324\\177\\222\\330)\\000\\017\\313\\373\\323q>2\\356\\016\\314\\353\\223b\\235z`\\350\\003\\237,\\352h\\320\\275\\015\\340\\264\\321R;4\\357\\003\\362tS\\030\\005{:\\275X\\235~\\371\\010\\373$ \\024b\\200:\\240\\350\\002\\2025H\\230@\\271=\\3764\\201\\304\\2757wj\\276G\\000\\234Z\\017{f\\352h\\344\\027\\367A\\270\\007L\\312pKq\\274!\\345\\360Uu\\225\\022\\263X|RI\\213oV"n\\010\\335\\005D\\352\\000N\\352:u\\314Y\\027\\216\\221\\240\\310\\223,\\356\\226Jt(\\014\\033:\\227\\256\\264\\212@}ni B\\364\\254"@#\\227\\215\\034\\344"V3P\\034\\331\\233\\306\\347\\256\\252\\311l\\260{A\\003\\251\\302\\245S\\221\\251|\\350Fn\\210\\201U3B7\\273\\006\\002\\325\\202Q\\321`l\\226@\\206A6\\017\\016\\346\\343:\\323F\\371\\314B\\\\hM\\0373*\\326+\\030Jk\\265\\351\\363\\005C\\202\\001\\243h\\003\\371\\311YL\\234\\275v-\\317Z\\027\\224o\\012\\3133\\314\\026\\2407\\314W\\021Mo\\222W\\207\\211\\252\\037\\343\\311Sn\\016\\035\\333\\007\\217\\231i\\310\\006\\315 \\021c\\270x\\000\\331(o\\272)\\320\\320\\024\\313\\264\\216f\\262\\370\\340\\214\\222\\011&\\206\\370%\\2678J;\\331[,\\362\\245\\033Y&\\346\\300\\232]h\\215\\341\\276\\266\\253\\006Ih\\203iC\\331\\010\\325-C3<\\224\\321\\036\\353xO_x\\210\\021\\036\\013\\001\\367\\024\\213\\316\\232\\230C\\017v\\301\\207\\276\\322\\030\\336z\\310\\027{T\\2220\\037\\211m\\017\\305\\2344\\012\\017\\302(\\010\\3551\\330R\\256\\035$"\\336\\276\\220\\245a:\\233\\331\\234\\316\\030\\336Y7\\310 \\010\\315y\\254\\007\\036\\312{ \\325i\\240\\252\\233\\317hF\\211\\242`>\\323\\244\\236\\230\\337\\202\\315\\306\\217\\326L*\\212\\242\\304Y\\320<\\024\\227?,\\332\\347h\\010)\\215\\331\\222\\363Z\\304\\263K5\\022\\336a\\301\\032\\012\\265xh\\314\\351''?I\\321\\025\\300r\\003\\344Z\\316\\245\\027J\\315\\304\\263\\217\\306g-G\\323\\034od\\275\\225\\376l\\331\\221\\374\\315\\237\\2664i#\\024G\\306\\202\\306''<\\317\\220\\0348\\363[^z\\347D\\246\\340\\220\\034! \\000\\211\\342n\\331e\\034da\\244?\\002\\353{\\323\\\\\\016l\\177ZbO\\241<\\371\\2624t\\247a\\202CA\\020\\322yY\\022\\273\\024b\\340\\325i\\245l\\235\\377l\\257a\\225\\215\\260P\\253\\272\\3330\\272\\244\\367\\301\\331\\376\\264\\304\\236B\\365\\204\\217%R\\025\\266\\303\\204L\\250.\\265\\247T\\247\\035`)\\325\\245\\366\\224\\312\\3130,\\035\\335\\005\\031\\023?\\365\\367<\\236#\\375w\\276\\311P_;\\240}\\220\\257s\\253-\\320\\257\\357:\\365\\012\\230H#\\364$\\336G\\033y\\240\\252\\275&\\324\\335\\276S-T\\347\\323~\\313By\\372\\266Z\\025\\232\\236S\\253c\\350m\\241~\\250\\315\\022\\252K\\355)\\225/\\265Y:eY\\013cN_jsv\\234\\026\\331\\323(\\336]\\2634\\212"{\\032\\314#j\\226\\016S\\2747K\\207;\\245\\365\\262c\\372C\\250\\21593\\365\\036f\\0311\\257!\\270eP\\027\\267\\000M\\371\\036\\202\\203MY\\330\\306\\033\\361%?\\304o\\351\\317T\\227\\342x2\\332\\273r\\006\\011\\325wL8\\011\\351\\257\\236\\350i\\035\\304\\251\\242\\012d\\365Y\\010\\2320\\235\\305"\\320\\366\\334\\327}\\244x:\\312\\001-Q|\\2472\\321\\250\\237\\216r\\207\\326\\252\\364\\033u\\345\\3138[?\\223\\233\\177\\323\\353bm\\325\\035\\207\\301\\031}\\217\\311y\\010yI\\213\\243\\036\\177\\363\\203;\\361\\231/\\205L\\246_&\\202\\330G\\305\\365''\\327\\366Z6\\364\\035*\\366\\304\\276T\\344cPl\\315a\\357\\321\\345\\233Ei~\\253\\003\\335\\017\\245\\230\\263\\330\\244\\032\\275\\212=\\0131\\346y\\021\\357m\\316\\201,\\005\\200i\\023\\327\\301\\342y\\361=\\022\\374]lS\\004\\303#\\322\\340h\\361[p\\031\\320O\\247e\\203[\\020\\371+\\230"\\372\\350\\327==>9\\0252)\\357OV\\343Y\\232z\\201"^nHm\\314\\253m\\204\\007\\314>\\021n\\343\\023\\345\\326\\357z\\353\\214\\302\\036\\376\\033\\365\\317(\\354+\\323\\311\\335\\340#\\342\\353\\271\\373\\257\\274\\313\\231s\\363\\217\\257\\264\\327;\\347.\\301`9s\\216\\235\\177\\357*a\\242\\342\\306\\337\\241\\352\\207:zt\\200\\350\\005$\\313g\\220\\310\\271F\\372\\345\\213\\333\\031]1GnMX\\017\\207\\233\\364K\\344\\377\\226aH<&\\031$\\030\\350\\311\\204\\230.wg\\263\\343\\263\\341\\332\\242\\234\\366j\\201r\\325\\214\\304l+\\266\\203\\327=u\\014\\320\\014\\032\\235V\\231\\3465\\325w\\274\\322\\332et}\\023[{\\304\\251\\236\\220~\\307\\222\\033\\317\\264\\213\\231>;\\373\\012|\\246\\317''\\037\\365\\313\\362\\251\\234 \\311\\363\\331''\\211\\347\\316\\244&\\345\\350,)\\377!\\004\\257\\177\\334\\2315\\321>\\2649\\324\\245!\\345\\277\\351\\0147!\\377Mg:l*\\311N\\240\\255\\303\\272m\\267\\360\\242c/\\027\\202\\211\\004\\267\\033\\276\\352\\330k\\370}; (\\343\\267\\007\\273Z\\006\\331H\\270d\\203\\011\\004A\\357T\\203\\371\\334\\367\\310\\365\\355gr\\345\\270\\354\\301\\342\\207M\\303\\327f\\203R\\034\\221T\\251\\365\\254OJl\\347!\\224\\246\\011\\263\\036\\254\\336T\\371\\346\\272,\\262\\375\\333m\\371ls]\\366\\333\\211w\\234\\256\\331\\340\\352\\307\\026]\\023\\266\\361/\\251\\306J\\315e\\270\\2516H\\226\\267\\003\\311\\000b\\227\\325m\\252Dnc\\002Dsyn:p\\034N\\2066+5\\015\\004\\021\\351\\231q\\237\\214p\\235sIN\\220gm\\337\\236\\236\\367\\313\\255V=k\\0349\\325\\231\\362IV\\367\\2042\\035\\267&\\335m\\321!3\\266|[y\\321Z\\271%\\003!\\250z{\\331%\\027\\333\\336;5\\372\\273h\\373\\350\\327\\264\\310l\\326Bm\\337\\234\\351i\\243\\324\\221M\\217\\341j\\350~e%\\233\\322\\373\\231\\0169cy=mas8y\\305Zkn0\\014\\321t.\\035\\322\\231\\365MX7^\\242\\260o-+\\330\\224F\\207\\311\\335\\323-\\013\\331^\\033\\034\\3235\\331=\\314\\355%?\\203\\027\\325f\\314\\334e\\223\\270\\213\\336\\253<w\\275\\247\\030k\\234F\\032\\233\\362\\345(\\323{i\\263{\\251FP\\247;\\020\\311\\326.\\276D\\272\\256R\\221\\327''`\\021\\207\\240\\361.\\211<-V\\221V\\246T\\322%\\0143\\345\\013S\\363\\255\\311\\237#\\261\\315n$2\\367l\\255r\\022\\246\\224\\033\\342X\\225\\273,\\215S\\325\\250\\306\\320&{\\221\\347B\\367#\\3054h\\205z\\006\\312\\364#\\372<e\\3464e\\252!\\364\\271=\\006Nc&\\302\\236\\177Q-[#q\\343`z)\\363\\353M\\226\\250L\\312M6\\311d\\006JFf\\305\\2569\\272\\311tnJ\\260\\270''y\\306\\004;\\307\\275r6M]a\\277\\244\\347\\235\\375\\247,\\005\\230\\372\\345\\020\\353\\276.\\005\\023\\312=\\342\\333\\255f+\\252}S\\204\\265`y\\002\\315\\3568\\375W\\373\\265;\\3264\\007\\310\\356\\325\\232q\\345\\201R~%\\330\\177\\272;L\\335\\325^\\243\\222\\247 \\274\\215\\263\\237^\\213\\334\\\\\\362{(|\\206\\310"rk\\201\\376\\272\\202\\251\\277\\256I\\3141\\315\\010.\\271\\323C\\325\\346&Z\\305\\345!F\\340\\250l"\\\\S\\270\\305s\\363\\360\\321\\342"A\\376\\012,\\021\\256\\306\\036[\\232\\377\\2370\\177\\001A\\226oRO\\320\\273\\211\\3562\\264\\311\\020\\2362\\014\\237\\002\\356M&9\\014\\231\\306\\317\\023\\220\\361<\\317\\3576\\271\\353\\271\\213)`6}r\\321\\343.\\372\\230\\371\\201W\\361\\375Iq[BC\\202\\234\\262\\212{1D\\227\\210\\334\\217Yo+J\\237\\245\\304\\020:B\\205\\370\\252\\303\\341#\\0147\\001&\\226\\336E\\013\\360\\002\\273\\360\\206a\\3733\\\\\\203\\345\\266|\\326\\246''\\322\\254\\010^\\354\\363+\\037\\254\\023\\020\\246\\005\\215\\272?\\376\\2111\\354\\205\\257?\\376\\037\\260J\\367\\364@\\221\\000\\000', '6.2.0-61023');
INSERT INTO "dbo"."__MigrationHistory" VALUES ('201801151231520_SeedRolesAndUsers', 'EPatient.Migrations.Configuration', E'\\037\\213\\010\\000\\000\\000\\000\\000\\004\\000\\355]\\333n\\344\\270\\021}\\017\\220\\177\\020\\364\\224\\004\\263n\\333\\203\\001\\022\\243\\275\\013\\217\\355\\011\\214\\254\\307\\206\\333\\263\\311\\333\\200n\\261\\333\\302\\352\\322+Q\\216\\033A\\276,\\017\\371\\244\\374BHQ\\027\\336EI-\\251{\\306X`\\340\\346\\245X\\254:,\\026Kd\\355\\377\\376\\363\\337\\371O\\257a\\340\\274\\300$\\365\\343\\350\\334=9:v\\035\\030-c\\317\\217\\326\\347n\\206V?\\374\\331\\375\\351\\307\\337\\377n~\\355\\205\\257\\316/e\\273\\367\\244\\035\\356\\031\\245\\347\\3563B\\233\\263\\331,]>\\303\\020\\244G\\241\\277L\\3424^\\241\\243e\\034\\316\\200\\027\\317N\\217\\217\\3772;9\\231AL\\302\\305\\264\\034g\\376\\220E\\310\\017a\\376\\003\\377\\274\\214\\243%\\334\\240\\014\\004\\267\\261\\007\\203\\264(\\3075\\213\\234\\252\\363\\031\\2040\\335\\200%<w\\257\\357\\001\\362a\\204\\216hS\\327\\271\\010|\\200\\331X\\300`\\345: \\212b\\204\\033\\304\\321\\331\\227\\024.P\\022G\\353\\305\\006\\027\\200\\340q\\273\\201\\270\\335\\012\\004),\\230?\\253\\233\\333\\316\\343\\370\\224\\314cVw,I-\\263\\024\\305aK\\202''\\357\\013\\301\\314\\304\\356\\235\\304\\353V\\202\\303\\242\\273\\306"F[2\\353\\\\|Xr!L\\326X\\271\\333\\253x\\211\\342\\304u\\3041\\317.\\203\\204\\264\\227\\204|$t}\\347\\224\\015\\336U\\230\\300\\320!\\377\\275s.\\263\\000e\\011<\\217`\\206\\022\\020\\274s\\356\\263\\247\\300_\\376\\015n\\037\\343_at\\036eA\\3002\\212Y\\305u\\\\\\001.\\272O\\342\\015L\\320\\366\\001\\256\\012\\366o<\\327\\231\\361\\375fb\\307\\252\\033\\323\\207\\316\\350&B\\357O]\\3473\\036\\034<\\005\\260\\302\\0013\\373\\005\\236\\031\\374+\\214`\\002\\020\\364\\360\\004\\021L"B\\003\\346\\222\\224F\\027\\306\\272\\302\\275\\312\\321\\310\\337\\217\\030\\340\\212\\001\\315D0h\\223f\\246\\005\\032\\237\\301\\213\\277\\316\\347\\240\\240\\346:\\0170\\310+\\323g\\177C\\327\\211\\250\\317\\257\\264\\341\\247$\\016\\037\\342@\\206J^\\377u\\021g\\311\\222L164z\\004\\270\\014\\361,\\316g5\\026\\215\\010\\245l\\330\\303\\222\\264\\177\\303\\242b,\\362o9\\0326\\202\\330\\230\\273\\316-x\\375\\031Fk\\364|\\356\\236~\\370\\200\\265\\355\\277B\\257,)8\\370\\022\\371\\330\\366\\343N(\\311\\332\\203w\\221%\\321$\\003\\023\\034L3\\362=H\\323\\177\\306\\2117\\376\\310d\\015\\266\\266\\024\\022\\367/~\\200\\341&\\321\\26150%\\001\\245\\221\\311\\355A\\335\\242\\266.\\\\\\205dV\\370Z\\225=1qDh(\\271!\\025\\271\\211JYV\\352\\322j\\244\\222\\017\\246\\252d\\261\\223Q\\253%`o\\330\\312>o\\306m"\\343f\\255]\\2127{\\315\\222\\366oZ\\235H\\253M\\276R\\332\\315r\\210\\026LaT:Z\\216\\034$\\355\\014G\\201\\2537\\204}\\357N\\321G?A\\317\\036\\330\\366>\\223`\\211{\\304/\\247d>\\306\\030\\335 j\\357k<\\307\\221I\\012\\037\\216\\207\\020\\302u\\010\\374`|\\331_\\004\\001>\\033\\37105\\014\\215\\377\\034\\326\\242=@l\\202^\\2505S\\033\\266\\272\\301\\327\\312\\3260\\026N\\256\\226\\235$E\\233^\\336\\022C\\260\\325\\266Zw{\\263}*+\\204@\\202\\350\\352\\357i\\015\\256#o''t\\356\\201\\357\\365\\266)T\\317}\\217A\\013\\014\\035\\177\\331\\3734\\265\\333\\330M\\265 w\\263p%\\037\\305\\260\\270mY,\\344\\326\\310b\\325N\\315bQmd\\261l\\323\\226Em\\004\\214%.F\\277\\304:#g\\375\\243^\\225x\\354\\315]\\321\\345\\315\\324)\\306\\232\\306\\315\\273Or\\025\\026\\303\\342A\\203\\3664\\256\\262\\244\\330\\370\\006\\011\\352\\3640E\\206(O\\2712U\\201\\036\\261NZHR\\203^\\013\\351\\001.\\375M\\273\\323x\\336\\343m\\031)\\306\\372\\030{\\333\\021\\274W\\275\\317\\272;\\374r>\\245r/ (\\370\\3125cw\\003\\261V\\261\\037HMz\\001\\2318T\\210L\\265\\015\\226\\253NopV\\214u\\005\\266w\\253\\307g\\370w\\010\\177\\355\\351-\\356\\235+\\235\\317m\\325\\327\\231\\036\\351\\323c\\005S\\311\\355\\342k\\244E&T\\267Y`\\027i\\032/\\375\\234\\023\\206\\275z\\313\\342\\347\\204\\325\\342\\030?TP\\233X~\\342\\300f\\021\\257)\\177\\203W\\021\\036\\372\\334\\375\\223$$\\035\\301\\3520]\\023\\254wQ\\236\\350\\361\\321\\321\\211D\\027\\257>\\230\\020\\370\\203\\340\\022\\313\\030\\257g?B\\362R\\365#l\\235@`bA\\350d\\271\\302\\211\\300+\\362b\\315\\025\\334\\220\\270Q\\204L\\262\\264\\031\\227\\365g\\344\\361\\253a\\004\\333\\323$\\233\\371\\214\\001\\205\\031+L\\374W\\247WU0\\270V*\\375F\\300+\\364D\\234\\373\\374.\\272\\202\\001D\\320\\271X\\322\\373#\\227 ]\\002O^s\\030\\344\\236\\005#\\012t\\331\\301\\265\\023\\254d\\011\\214\\200)y\\2666\\203\\226_N''\\001\\223\\362\\346\\205N\\233\\346k\\030\\265^\\245\\233=\\366\\026\\311x\\211\\243\\001:;\\305p''\\324\\231\\270\\037\\001\\177&\\375\\330\\014_n\\271\\323\\2305E\\020IkVL\\021%\\306\\320\\261\\036\\264=\\006\\215\\201fvo,"]\\373\\206B\\003\\377c\\030A\\275n\\354\\266\\327*\\206:\\011\\014\\245\\370\\201\\016%\\372`B\\015\\221*\\224f\\017>m\\010\\302\\302+\\233\\036z:\\356G\\300\\235N\\037\\207\\341\\323)\\302\\3236\\346I\\212U\\357\\324\\370\\211Q\\356fdO\\217@\\003\\377#\\033?A76\\2433_~&\\207\\241\\321\\023\\324\\177\\222\\330)\\000\\017\\313\\373\\323q>2\\356\\016\\314\\353\\223b\\235z`\\350\\003\\237,\\352h\\320\\275\\015\\340\\264\\321R;4\\357\\003\\362tS\\030\\005{:\\275X\\235~\\371\\010\\373$ \\024b\\200:\\240\\350\\002\\2025H\\230@\\271=\\3764\\201\\304\\2757wj\\276G\\000\\234Z\\017{f\\352h\\344\\027\\367A\\270\\007L\\312pKq\\274!\\345\\360Uu\\225\\022\\263X|RI\\213oV"n\\010\\335\\005D\\352\\000N\\352:u\\314Y\\027\\216\\221\\240\\310\\223,\\356\\226Jt(\\014\\033:\\227\\256\\264\\212@}ni B\\364\\254"@#\\227\\215\\034\\344"V3P\\034\\331\\233\\306\\347\\256\\252\\311l\\260{A\\003\\251\\302\\245S\\221\\251|\\350Fn\\210\\201U3B7\\273\\006\\002\\325\\202Q\\321`l\\226@\\206A6\\017\\016\\346\\343:\\323F\\371\\314B\\\\hM\\0373*\\326+\\030Jk\\265\\351\\363\\005C\\202\\001\\243h\\003\\371\\311YL\\234\\275v-\\317Z\\027\\224o\\012\\3133\\314\\026\\2407\\314W\\021Mo\\222W\\207\\211\\252\\037\\343\\311Sn\\016\\035\\333\\007\\217\\231i\\310\\006\\315 \\021c\\270x\\000\\331(o\\272)\\320\\320\\024\\313\\264\\216f\\262\\370\\340\\214\\222\\011&\\206\\370%\\2678J;\\331[,\\362\\245\\033Y&\\346\\300\\232]h\\215\\341\\276\\266\\253\\006Ih\\203iC\\331\\010\\325-C3<\\224\\321\\036\\353xO_x\\210\\021\\036\\013\\001\\367\\024\\213\\316\\232\\230C\\017v\\301\\207\\276\\322\\030\\336z\\310\\027{T\\2220\\037\\211m\\017\\305\\2344\\012\\017\\302(\\010\\3551\\330R\\256\\035$"\\336\\276\\220\\245a:\\233\\331\\234\\316\\030\\336Y7\\310 \\010\\315y\\254\\007\\036\\312{ \\325i\\240\\252\\233\\317hF\\211\\242`>\\323\\244\\236\\230\\337\\202\\315\\306\\217\\326L*\\212\\242\\304Y\\320<\\024\\227?,\\332\\347h\\010)\\215\\331\\222\\363Z\\304\\263K5\\022\\336a\\301\\032\\012\\265xh\\314\\351''?I\\321\\025\\300r\\003\\344Z\\316\\245\\027J\\315\\304\\263\\217\\306g-G\\323\\034od\\275\\225\\376l\\331\\221\\374\\315\\237\\2664i#\\024G\\306\\202\\306''<\\317\\220\\0348\\363[^z\\347D\\246\\340\\220\\034! \\000\\211\\342n\\331e\\034da\\244?\\002\\353{\\323\\\\\\016l\\177ZbO\\241<\\371\\2624t\\247a\\202CA\\020\\322yY\\022\\273\\024b\\340\\325i\\245l\\235\\377l\\257a\\225\\215\\260P\\253\\272\\3330\\272\\244\\367\\301\\331\\376\\264\\304\\236B\\365\\204\\217%R\\025\\266\\303\\204L\\250.\\265\\247T\\247\\035`)\\325\\245\\366\\224\\312\\3130,\\035\\335\\005\\031\\023?\\365\\367<\\236#\\375w\\276\\311P_;\\240}\\220\\257s\\253-\\320\\257\\357:\\365\\012\\230H#\\364$\\336G\\033y\\240\\252\\275&\\324\\335\\276S-T\\347\\323~\\313By\\372\\266Z\\025\\232\\236S\\253c\\350m\\241~\\250\\315\\022\\252K\\355)\\225/\\265Y:eY\\013cN_jsv\\234\\026\\331\\323(\\336]\\2634\\212"{\\032\\314#j\\226\\016S\\2747K\\207;\\245\\365\\262c\\372C\\250\\21593\\365\\036f\\0311\\257!\\270eP\\027\\267\\000M\\371\\036\\202\\203MY\\330\\306\\033\\361%?\\304o\\351\\317T\\227\\342x2\\332\\273r\\006\\011\\325wL8\\011\\351\\257\\236\\350i\\035\\304\\251\\242\\012d\\365Y\\010\\2320\\235\\305"\\320\\366\\334\\327}\\244x:\\312\\001-Q|\\2472\\321\\250\\237\\216r\\207\\326\\252\\364\\033u\\345\\3138[?\\223\\233\\177\\323\\353bm\\325\\035\\207\\301\\031}\\217\\311y\\010yI\\213\\243\\036\\177\\363\\203;\\361\\231/\\205L\\246_&\\202\\330G\\305\\365''\\327\\366Z6\\364\\035*\\366\\304\\276T\\344cPl\\315a\\357\\321\\345\\233Ei~\\253\\003\\335\\017\\245\\230\\263\\330\\244\\032\\275\\212=\\0131\\346y\\021\\357m\\316\\201,\\005\\200i\\023\\327\\301\\342y\\361=\\022\\374]lS\\004\\303#\\322\\340h\\361[p\\031\\320O\\247e\\203[\\020\\371+\\230"\\372\\350\\327==>9\\0252)\\357OV\\343Y\\232z\\201"^nHm\\314\\253m\\204\\007\\314>\\021n\\343\\023\\345\\326\\357z\\353\\214\\302\\036\\376\\033\\365\\317(\\354+\\323\\311\\335\\340#\\342\\353\\271\\373\\257\\274\\313\\231s\\363\\217\\257\\264\\327;\\347.\\301`9s\\216\\235\\177\\357*a\\242\\342\\306\\337\\241\\352\\207:zt\\200\\350\\005$\\313g\\220\\310\\271F\\372\\345\\213\\333\\031]1GnMX\\017\\207\\233\\364K\\344\\377\\226aH<&\\031$\\030\\350\\311\\204\\230.wg\\263\\343\\263\\341\\332\\242\\234\\366j\\201r\\325\\214\\304l+\\266\\203\\327=u\\014\\320\\014\\032\\235V\\231\\3465\\325w\\274\\322\\332et}\\023[{\\304\\251\\236\\220~\\307\\222\\033\\317\\264\\213\\231>;\\373\\012|\\246\\317''\\037\\365\\313\\362\\251\\234 \\311\\363\\331''\\211\\347\\316\\244&\\345\\350,)\\377!\\004\\257\\177\\334\\2315\\321>\\2649\\324\\245!\\345\\277\\351\\0147!\\377Mg:l*\\311N\\240\\255\\303\\272m\\267\\360\\242c/\\027\\202\\211\\004\\267\\033\\276\\352\\330k\\370}; (\\343\\267\\007\\273Z\\006\\331H\\270d\\203\\011\\004A\\357T\\203\\371\\334\\367\\310\\365\\355gr\\345\\270\\354\\301\\342\\207M\\303\\327f\\203R\\034\\221T\\251\\365\\254OJl\\347!\\224\\246\\011\\263\\036\\254\\336T\\371\\346\\272,\\262\\375\\333m\\371ls]\\366\\333\\211w\\234\\256\\331\\340\\352\\307\\026]\\023\\266\\361/\\251\\306J\\315e\\270\\2516H\\226\\267\\003\\311\\000b\\227\\325m\\252Dnc\\002Dsyn:p\\034N\\2066+5\\015\\004\\021\\351\\231q\\237\\214p\\235sIN\\220gm\\337\\236\\236\\367\\313\\255V=k\\0349\\325\\231\\362IV\\367\\2042\\035\\267&\\335m\\321!3\\266|[y\\321Z\\271%\\003!\\250z{\\331%\\027\\333\\336;5\\372\\273h\\373\\350\\327\\264\\310l\\326Bm\\337\\234\\351i\\243\\324\\221M\\217\\341j\\350~e%\\233\\322\\373\\231\\0169cy=mas8y\\305Zkn0\\014\\321t.\\035\\322\\231\\365MX7^\\242\\260o-+\\330\\224F\\207\\311\\335\\323-\\013\\331^\\033\\034\\3235\\331=\\314\\355%?\\203\\027\\325f\\314\\334e\\223\\270\\213\\336\\253<w\\275\\247\\030k\\234F\\032\\233\\362\\345(\\323{i\\263{\\251FP\\247;\\020\\311\\326.\\276D\\272\\256R\\221\\327''`\\021\\207\\240\\361.\\211<-V\\221V\\246T\\322%\\0143\\345\\013S\\363\\255\\311\\237#\\261\\315n$2\\367l\\255r\\022\\246\\224\\033\\342X\\225\\273,\\215S\\325\\250\\306\\320&{\\221\\347B\\367#\\3054h\\205z\\006\\312\\364#\\372<e\\3464e\\252!\\364\\271=\\006Nc&\\302\\236\\177Q-[#q\\343`z)\\363\\353M\\226\\250L\\312M6\\311d\\006JFf\\305\\2569\\272\\311tnJ\\260\\270''y\\306\\004;\\307\\275r6M]a\\277\\244\\347\\235\\375\\247,\\005\\230\\372\\345\\020\\353\\276.\\005\\023\\312=\\342\\333\\255f+\\252}S\\204\\265`y\\002\\315\\3568\\375W\\373\\265;\\3264\\007\\310\\356\\325\\232q\\345\\201R~%\\330\\177\\272;L\\335\\325^\\243\\222\\247 \\274\\215\\263\\237^\\213\\334\\\\\\362{(|\\206\\310"rk\\201\\376\\272\\202\\251\\277\\256I\\3141\\315\\010.\\271\\323C\\325\\346&Z\\305\\345!F\\340\\250l"\\\\S\\270\\305s\\363\\360\\321\\342"A\\376\\012,\\021\\256\\306\\036[\\232\\377\\2370\\177\\001A\\226oRO\\320\\273\\211\\3562\\264\\311\\020\\2362\\014\\237\\002\\356M&9\\014\\231\\306\\317\\023\\220\\361<\\317\\3576\\271\\353\\271\\213)`6}r\\321\\343.\\372\\230\\371\\201W\\361\\375Iq[BC\\202\\234\\262\\212{1D\\227\\210\\334\\217Yo+J\\237\\245\\304\\020:B\\205\\370\\252\\303\\341#\\0147\\001&\\226\\336E\\013\\360\\002\\273\\360\\206a\\3733\\\\\\203\\345\\266|\\326\\246''\\322\\254\\010^\\354\\363+\\037\\254\\023\\020\\246\\005\\215\\272?\\376\\2111\\354\\205\\257?\\376\\037\\260J\\367\\364@\\221\\000\\000', '6.2.0-61023');
INSERT INTO "dbo"."__MigrationHistory" VALUES ('201801170734310_TimeTableNullableTimes', 'EPatient.Migrations.Configuration', E'\\037\\213\\010\\000\\000\\000\\000\\000\\004\\000\\355]\\335n\\343\\270\\025\\276/\\320w\\020t\\325\\026\\263q\\222\\301\\000m\\340\\354"\\223d\\212\\240\\233I\\020g\\266\\275\\0330\\026\\355\\010+K^\\375\\2441\\212>Y/\\372H}\\205\\222\\242D\\361_\\244dY\\366L\\260\\300 \\346\\317\\341\\3419\\037\\017\\017\\217\\310\\263\\377\\373\\317\\177\\247?\\275\\256"\\357\\005\\246Y\\230\\304\\347\\376\\311\\321\\261\\357\\301x\\236\\004a\\274<\\367\\213|\\361\\303\\237\\375\\237~\\374\\375\\357\\246\\327\\301\\352\\325\\373\\245n\\367\\036\\267C=\\343\\354\\334\\177\\316\\363\\365\\331d\\222\\315\\237\\341\\012dG\\253p\\236&Y\\262\\310\\217\\346\\311j\\002\\202drz|\\374\\227\\311\\311\\311\\004"\\022>\\242\\345y\\323\\207"\\316\\303\\025,\\177\\240\\237\\227I<\\207\\353\\274\\000\\321m\\022\\300(\\253\\312Q\\315\\254\\244\\352}\\006+\\230\\255\\301\\034\\236\\373\\327\\367 \\017a\\234\\037\\221\\246\\276w\\021\\205\\000\\2611\\203\\321\\302\\367@\\034''9j\\220\\304g_28\\313\\323$^\\316\\326\\250\\000D\\217\\2335D\\355\\026 \\312`\\305\\374Y\\323\\334v\\036\\307\\247x\\036\\223\\246cMj^dy\\262r$x\\362\\276\\022\\314D\\354\\336I\\274>\\025\\034\\022\\3355\\022q\\276\\301\\263.\\305\\207$\\267\\202\\351\\022)ws\\225\\314\\363$\\365=q\\314\\263\\313(\\305\\355%!\\037\\011]\\337yu\\203w\\024\\023\\010:\\370\\277w\\336e\\021\\345E\\012\\317cX\\344)\\210\\336y\\367\\305S\\024\\316\\377\\0067\\217\\311\\2570>\\217\\213(b\\031E\\254\\242:\\256\\000\\025\\335\\247\\311\\032\\246\\371\\346\\001.*\\366o\\002\\337\\233\\360\\375&bG\\332\\215\\351Cft\\023\\347\\357O}\\3573\\032\\034<E\\220\\342\\200\\231\\375\\014\\315\\014\\376\\025\\3060\\0059\\014\\320\\004s\\230\\306\\230\\006,%)\\215.\\214u\\205z\\325\\243\\341\\277\\037\\021\\300\\025\\003\\232\\211 \\320\\246\\355L\\0134>\\203\\227pY\\316AA\\315\\367\\036`TVf\\317\\341\\232\\254\\023Q\\237_I\\303Oi\\262zH"\\031*e\\375\\327YR\\244s<\\305\\304\\320\\350\\021\\240\\262\\234gq:i\\260hD(a\\303\\036\\226\\270\\375\\033\\026\\025c\\341\\177\\353\\321\\220\\021D\\306\\334\\367n\\301\\353\\3170^\\346\\317\\347\\376\\351\\207\\017H\\333\\341+\\014\\352\\222\\212\\203/q\\210l?\\352\\224\\247\\205;xgE\\032\\21720\\306\\3018#\\337\\203,\\373g\\222\\006\\273\\037\\031\\257AgK!q\\377\\022F\\010n\\022\\035[\\003S\\023P\\032\\231\\322\\0364-\\032\\353\\302UHf\\205\\257U\\331\\023\\023G\\230\\206\\222\\033\\\\Q\\232\\250\\214e\\245)\\245#\\325|0U5\\213\\266L`\\323\\237c=dJVh\\265dw\\371\\032\\211%\\241Z\\305\\226\\265\\255m\\024coo\\353>o6w$\\233k\\255]\\262\\014\\3545\\213\\333\\277iu$\\255\\266\\271pj+\\322j\\320D\\303\\252\\260u\\235\\260E\\255\\220\\013\\300h\\2477\\224)\\306\\272\\002\\233\\273\\305\\3433\\374;\\204\\277\\366\\333\\322g9Hsr\\364\\020\\217"\\346\\216\\327q\\320\\245[\\311\\371\\242\\356\\3651A\\030\\003\\361\\276\\036{\\2547^q\\351h\\366\\345\\216\\033o\\211~\\267}\\267Z0oK\\347{?\\352|\\014\\323\\3749\\000\\233\\336\\221\\006$\\361\\000\\257\\201~\\013\\367\\3769\\211MR\\370p<\\204\\020\\256W \\214v/\\373\\213(\\202\\3512\\304^\\275vh\\364\\347\\260\\016\\301\\003D\\026\\350\\205X6\\265_\\3204\\370Jm\\015\\343 \\310\\325\\362\\321G\\321\\246\\327a\\203!\\350\\344\\2256\\335\\336l\\237\\312\\012\\3517{\\327\\025\\245\\333\\375\\235#\\012a\\320\\333\\246\\020=\\367\\015n\\314\\020t\\302y\\357\\030\\311v]\\023\\272 \\267\\263p%\\027\\337\\260\\270mY\\254\\344\\326\\312"m\\247f\\261\\2526\\262X\\267qeQ\\353\\340\\261\\304E\\027O\\2543r\\326\\337\\315\\243\\342\\2617wU\\2277S\\247\\030k\\0347\\357>-UX\\015\\213\\006\\215\\334i\\\\\\025i\\265\\361\\015\\022\\252\\355a\\212\\014\\261\\333ze\\252\\302\\267b\\235\\264\\220\\244\\006\\275\\026\\322\\003\\234\\207k\\267`V\\331\\343m\\031)\\306\\372\\230\\004\\233\\035x\\257z\\237u{\\370\\345|J\\345^\\200Q\\360\\225k\\306\\356\\006b\\255b?\\220\\232\\270\\000\\371"\\313\\222yX\\366c\\266\\255fE\\361\\323D\\016\\230g\\374:BTV\\177WAZC\\010\\016\\327\\010\\263h\\350s\\377O\\222\\334t\\004\\251\\257\\337\\020l\\0269O\\364\\370\\350\\350D\\242\\213\\260\\016S\\0146\\020]"y\\243\\325\\023\\306\\271\\2740\\302\\030\\011\\017D&\\026\\204N\\226\\353\\011\\013\\234\\222\\027k\\256\\340\\032\\037k\\343\\334$K\\233qYs+\\217O\\207\\021Vz\\233l\\246\\023\\006\\024f\\2540\\321]\\235^U\\241\\336F\\251\\344\\013\\000\\257\\320\\023q\\356\\323\\273\\370\\012F0\\207\\336\\305\\234\\\\Z\\271\\004\\331\\034\\004\\3622D \\017,\\030Q\\240\\313\\016\\256\\235`%K`\\007\\230\\222gk3h\\375\\271v\\0240\\011qO\\235\\036uA\\320F\\227L\\350\\337\\336\\376\\350>j\\232!\\262U\\254vB\\227\\232\\357\\035 L\\255\\007\\233\\201\\353\\303\\352((S^*\\322\\201\\302|\\303\\250\\201\\206ti\\315\\036w\\306\\373I{\\217>\\023\\367;\\300\\240I?{\\217DU$E\\273y\\231\\302*\\314v\\312\\272\\221\\366\\0304F[Y\\017\\254\\012\\367\\354\\033\\012\\015\\374\\357b\\253\\325\\353\\306\\316\\211\\243\\201\\304Q`(\\035\\242u(\\321\\237\\250\\033\\210\\320x\\222=\\370\\264\\347p\\013\\337\\177|\\350\\351\\270\\337\\001\\356t\\3728\\214\\223\\203"Fkc\\236\\244\\200\\355V\\215\\237\\030\\352mG\\366\\370\\0104\\360\\277c\\343''\\350\\306ft\\346\\363\\307\\35004z\\202\\372\\270\\374V\\001xX\\336\\237\\216\\363\\035\\343\\356\\300\\274>)\\340\\247\\007\\206>\\372\\307\\242\\216D\\236]\\000\\247\\015\\031\\332\\241y\\037\\220\\247\\233\\302N\\260\\247\\323\\213U\\214\\205\\0173\\357\\000\\204$\\362\\213\\372\\344\\250\\007L\\353\\203p\\345x\\342r\\370\\252\\272\\351\\205\\326I\\365\\365"\\253B\\352"\\2420\\335\\031\\314\\325G\\353\\314\\367\\232\\230\\263\\356\\240,\\201\\224''Y\\335\\034\\225\\350\\020{\\330\\322\\271vrT\\004\\032\\217\\262\\205\\010V\\271\\212\\000\\211\\\\\\266tf\\257\\330K\\024\\2300U\\353DJM\\251\\347Q\\235\\311\\332\\246\\301]\\310\\221g\\303.\\366\\026R\\325\\236\\255"C\\235\\244Vn\\360\\012R3B\\254\\231@\\200A6\\017\\016\\346\\333\\037\\323F\\371\\266C\\\\hm\\0373(\\323\\024\\206\\322Zm\\373|\\301\\220`\\300(\\232D~r\\026\\023g/U\\313\\263\\326\\005\\345\\333\\302\\362\\014\\263\\025\\350\\015\\363UD\\323\\333\\344\\325a\\242\\342UXy\\262\\246\\240\\261M\\330\\230a\\232]\\254\\206\\231k\\002\\305\\003\\314^\\375\\376Q\\226A{H\\323>\\250\\311LC6\\347\\006\\251\\030\\303\\230\\003\\310Fy\\015I\\261\\026\\332bl\\326Q6vup\\266\\324\\264H\\014q5\\3164\\324\\346\\275\\267X\\344\\033\\021\\262L\\314\\001\\037\\273\\220\\017\\303}\\263\\035\\030$\\241\\015\\362\\014e!UW\\300\\314\\360PF!\\254\\343\\020}\\341!F\\036,\\004\\334S,:kb>\\022\\333\\035\\212\\373Jcx\\353!\\337\\272PI\\302|T\\263=\\254q\\322\\250\\034\\037\\243 \\264\\3073K\\271\\032$R\\337\\003\\241\\247\\001Z7\\235\\2204\\026U\\301t\\242\\311w1\\275\\005\\353u\\030/\\231\\374\\027U\\2117#\\311/.\\177\\230\\271''\\206X\\021\\032\\2239\\347\\265\\210g\\027:\\022\\332c\\300\\022\\012\\265hh\\304\\351\\2470\\315\\362+\\200\\366h\\200o\\352\\\\\\006+\\251\\231x\\366\\321x\\253\\365h\\232\\343\\215\\254\\302\\332\\231\\255;\\342\\277\\371\\323\\226&W\\205\\342\\344X\\321\\370\\204\\346\\271\\302g\\317\\362N\\225~{\\226)x81\\011\\210@\\252\\270\\311u\\231D\\305*\\326\\237\\206\\365\\275I\\002\\011\\266?)\\261\\247P\\207_X\\032\\272\\220\\014\\306\\241 \\010\\351\\274,\\211]\\2128\\360\\352\\264R\\266\\316\\177\\266\\327\\260\\312vZ\\250U\\335m\\030]\\222\\353\\252l\\177RbO\\201\\2760b\\211\\320B7L\\310\\204\\232R{JM\\256\\003\\226RSjO\\251\\276\\014\\303\\322\\321]\\2201\\361\\323|i\\3419\\322\\177\\201\\031\\015\\365\\215\\013\\326\\007\\371:\\307\\322\\002\\375\\372\\256c\\257\\200\\2214BN\\342}\\264Q\\006\\252\\3345\\241\\356\\366\\235j\\201\\011\\015\\364QE\\023\\361s\\327\\207\\241\\357P\\033=\\373\\332\\233\\337\\360\\331\\032\\207\\315\\242y\\010\\306m\\027M\\261=-\\372\\024\\214\\245D\\013\\035g\\271P\\314o\\361\\315\\27144\\314\\320\\317\\266+\\203(V\\246]\\323sl\\2332\\264o\\323<\\206f\\0115\\245\\366\\224\\352\\327\\320,\\235\\272\\314\\301#!\\257\\2419g\\204\\0249,?\\362\\266\\231[|\\244\\310\\236\\006\\363P\\231\\245\\303\\024\\357\\315\\322\\341\\016\\333\\2756c},\\301fO6\\365\\036f\\031\\355\\243\\315&\\317wyg:tt\\312\\351\\235;\\236\\214\\366*\\236AB\\315\\025\\026NB\\372\\233-zZ\\007\\261\\217\\320xd\\237\\205\\240\\211\\266Z,\\002m\\317}\\335G\\252\\347\\231\\034\\320R\\305WR\\023\\215\\346y&\\347\\250\\320\\322o\\364<Z\\207K\\373\\231\\334\\362\\213r\\027k\\253\\3568\\014\\316\\310\\233G\\316C(K\\034\\342\\025\\374\\305\\022.la\\276s2\\260~\\245\\230\\263\\330\\204\\216Nc\\317B\\214yZ\\305{\\333\\023/K\\001`\\322\\304\\367\\220\\260^\\302\\000\\007\\177g\\233,\\207\\253#\\334\\340h\\366[t\\031\\221\\217\\207u\\203[\\020\\207\\013\\230\\345\\344\\211\\255\\177z|r*\\244o\\336\\237T\\312\\223,\\013"E\\274\\334\\220O\\231W\\333\\016\\236\\013\\207X\\270\\255\\017\\202]\\237\\2533i\\214\\003\\364w\\336?\\215q\\250\\314vu\\203\\274\\353\\327s\\377_e\\2273\\357\\346\\037_I\\257w\\336]\\212\\300r\\346\\035{\\377\\336V:D\\305\\005\\324C\\325\\017\\331#\\311\\000\\361\\013H\\347\\317 \\225S!\\364Kg\\2655\\272bb\\336\\206\\260\\036\\0167\\331\\2278\\374\\255@\\220xL\\013\\2101\\320\\223\\0111G\\357\\326f\\307\\247\\340\\265E9\\351\\345\\200r\\325\\214\\304d\\020\\266\\2037=u\\014\\220\\007\\376\\235V\\231\\346\\235\\313w\\274\\322\\334\\362\\265\\276\\211\\315Ul\\232\\320\\355\\301\\312N\\225\\007\\264\\034\\250o\\026P\\325N.\\257t\\231\\220\\220\\027\\254+\\031>K\\350S\\350>\\243}\\363(\\324\\317J\\017\\025w\\007\\345T\\210)0;{\\251|\\012\\314.\\250\\344\\322_*''\\210\\023`\\366\\311n\\2715\\251I\\311+k\\312\\177X\\201\\327?nm\\037\\323>\\2769\\324\\245aeJ\\273\\344X\\354L\\207\\315\\261\\330\\011\\264M,\\326\\325y\\254:\\366r^\\231\\360\\255\\333\\360\\264c\\257\\341\\367m#Q?\\321=\\324\\3252\\310F\\302e\\341K!\\210z\\347\\340\\353\\342S\\015y\\350\\352gr\\345`\\352\\301\\342\\207\\315O\\347\\262A)\\016\\347\\252\\234s\\326gt\\266\\363\\026\\224\\3265\\027\\\\\\363\\330\\240k\\2726\\376\\035\\325\\256\\022s\\031\\356\\251\\015\\222\\343\\355@23\\330\\345t\\033+\\215\\333.\\001\\242\\271:7\\0368\\016!?\\233\\225\\202\\006\\002\\007\\363\\244\\266[>\\270\\316y#w\\232qm\\377\\263\\0348eY\\033\\0231\\322\\203\\364>Y\\335\\366\\032=\\355/N\\366\\014C.\\371\\321\\350\\023\\320\\035\\247+S>_\\353\\236\\024\\246\\243\\033\\243\\273\\2229d\\326\\225o+\\267\\231\\223\\013;\\020\\202\\350;\\325.\\371\\324\\366\\336\\001\\326_\\370\\332G\\037\\330!;\\231\\203\\332\\2769\\323\\343\\242\\324\\035\\233\\036\\303\\375\\313\\375\\312,6\\246\\3673\\036rv\\345\\365\\270\\302\\346pr\\2039kn0\\014\\221\\214=\\035R\\222\\365M:\\267\\273d_\\007\\225\\331K~\\004/\\352\\316\\230\\267\\313&m\\027\\271Uy\\356\\007O\\011\\322<\\2114\\266\\345\\213Q&\\367\\322\\346\\366R\\215\\240N\\377 \\222m\\3346\\211tS\\245"\\257O@"\\016A\\342]\\022yR\\254"\\255L\\250\\244O\\027f\\316\\026\\246\\032@\\237\\274H\\227M\\314\\224LL-\\035M\\226\\032I8\\254\\011\\222e\\304\\326*EeJl!\\216E\\035-i\\034Z\\243\\032C\\233RE\\236\\013\\261d\\212i\\220\\012\\365\\014\\224I>\\006Nb&\\302\\236\\177O-[#\\321\\003az)\\263\\353\\215\\226\\246L\\312L6\\312d\\266\\230\\212\\314\\212E]\\\\\\223\\351\\246O \\2707\\271\\306\\334\\247\\252\\331\\214\\224)O\\266\\000\\321!\\322\\210\\011\\006\\226{\\375j\\232\\272\\302pJ\\317\\376\\372OY\\212\\211\\364K\\021\\326\\335\\354\\010\\266\\233{\\334\\265]\\315R\\252}3\\2009\\260<\\202f\\267\\234\\335\\313}\\355\\356j\\232\\003$\\357rf\\\\y\\006\\222_\\217\\331O\\327!3\\227\\374\\032\\012\\235!\\212\\030\\337\\323"\\277\\256`\\026.\\033\\022SD3\\206s\\356\\364@\\333\\334\\304\\213\\244>\\313\\010\\034\\325M\\204K\\013\\267h\\327\\011\\320\\321\\342"\\315\\303\\005\\230\\347\\250\\032\\371RY\\371\\277\\351\\373\\005DEi\\305\\237`p\\023\\337\\025\\371\\272\\310\\321\\224\\341\\352)\\342\\036\\263\\341\\303\\220i\\3742\\375\\030\\317\\363\\364n]:\\205\\333\\230\\002b3\\304W\\333\\356\\342\\217E\\030\\005\\224\\357O\\212\\333\\022\\032\\022\\370\\224U\\335)\\301\\272\\314\\361\\335\\222\\345\\206R\\372,\\275\\250\\327\\021\\252\\304G\\017\\207\\217p\\265\\216\\020\\261\\354.\\236\\201\\027\\330\\2057\\264R\\177\\206K0\\337\\324\\217\\332\\364D\\332\\025\\301\\213}z\\025\\202e\\012VYE\\243\\351\\217~"\\014\\007\\253\\327\\037\\377\\017\\026\\253&\\212\\263\\221\\000\\000', '6.2.0-61023');
INSERT INTO "dbo"."__MigrationHistory" VALUES ('201802021111426_PatientAllergiesNotRequired', 'EPatient.Migrations.Configuration', E'\\037\\213\\010\\000\\000\\000\\000\\000\\004\\000\\355]\\335n\\334\\270\\025\\276/\\320w\\020t\\325\\026Y\\217\\355 \\300\\326\\030\\357"\\261\\223\\302\\350&62\\316\\266w\\001=\\342\\214\\205\\325\\317\\254~\\\\\\017\\212>\\331^\\364\\221\\372\\012%E\\211\\342\\277Hi4\\232\\311\\032\\013\\004\\036\\211<<<\\374xxxD~\\373\\277\\337\\376;\\377\\3619\\216\\274''\\230\\345a\\232\\\\\\372g''\\247\\276\\007\\223e\\032\\204\\311\\372\\322/\\213\\325w\\337\\373?\\376\\360\\307?\\314\\337\\007\\361\\263\\367sS\\3565.\\207j&\\371\\245\\377X\\024\\233\\213\\331,_>\\302\\030\\344''q\\270\\314\\322<]\\025''\\3134\\236\\201 \\235\\235\\237\\236\\376uvv6\\203H\\204\\217dy\\336\\374s\\231\\024a\\014\\253\\037\\350\\347U\\232,\\341\\246(A\\3641\\015`\\224\\327\\317\\321\\233E%\\325\\373\\004b\\230o\\300\\022^\\372\\357\\357@\\021\\302\\2448!E}\\357m\\024\\002\\244\\306\\002F+\\337\\003I\\222\\026\\250@\\232\\\\|\\311\\341\\242\\310\\322d\\275\\330\\240\\007 \\272\\337n *\\267\\002Q\\016k\\345/\\332\\342\\266\\3758=\\307\\375\\230\\265\\025\\033Q\\3132/\\322\\330Q\\340\\331\\353\\33203\\261z/\\363\\372\\324p\\310t\\357\\221\\211\\213-\\356ue>d\\271\\030fk4\\270\\333\\353tY\\244\\231\\357\\211m^\\\\E\\031./\\031\\371D\\250\\372\\312k\\012\\274\\242\\230@\\320\\301\\377\\275\\362\\256\\312\\250(3x\\231\\300\\262\\310@\\364\\312\\273+\\037\\242p\\371w\\270\\275O\\177\\201\\311eRF\\021\\253(R\\025\\275\\343\\036\\240GwY\\272\\201Y\\261\\375\\014W\\265\\3727\\201\\357\\315\\370z3\\261"\\255\\306\\324!=\\272I\\212\\327\\347\\276\\367\\0115\\016\\036"Hq\\300\\364~\\201z\\006\\377\\006\\023\\230\\201\\002\\006\\250\\203\\005\\314\\022,\\003V\\226\\224Z\\027\\332\\272F\\265\\232\\326\\360\\337\\367\\010\\340\\212\\006\\315B\\020h\\263n\\245\\005\\031\\237\\300S\\270\\256\\372\\240\\220\\346{\\237aT\\275\\314\\037\\303\\015\\231''\\342x~%\\005?di\\3749\\215d\\250T\\357\\277.\\3222[\\342.\\246\\206B\\367\\000=+x\\025\\347\\263\\026\\213F\\204\\0225\\354a\\211\\313\\277`Q\\321\\026\\376\\267i\\0159A\\344\\314}\\357#x\\376\\011&\\353\\342\\361\\322?\\177\\363\\006\\215v\\370\\014\\203\\346I\\255\\301\\227$D\\276\\037U*\\262\\322\\035\\274\\2132K&i\\030\\343`\\232\\226\\357@\\236\\377+\\315\\202\\375\\267\\214\\347\\240\\263\\247\\220\\264\\177\\012#\\0047I\\216\\255\\203i\\004(\\235L\\345\\017\\332\\022\\255w\\341^Hn\\205\\177\\253\\362''&\\215\\260\\014\\2456\\370E\\345\\242rV\\225\\366)m\\251\\321\\203y\\325\\250h\\253\\004v\\375\\005\\036\\207\\\\\\251\\012}-\\371]\\376\\215\\244\\222\\360Z\\245\\226\\265\\257m\\007\\306\\336\\3376u^|\\356D>\\327zt\\3114\\260\\037Y\\\\\\376eT''\\032\\325\\256\\020N\\355E:\\035\\232\\350X\\025\\276\\256\\027\\266\\250\\027r\\001\\030\\255\\364\\2022E[\\327`{\\273\\272\\177\\204\\377\\200\\360\\227aK\\372\\242\\000YA\\266\\036\\342V\\304\\\\\\361}\\022\\364\\251Vi\\276jj\\275K\\021\\306@r\\250\\333\\036\\353\\205W\\234:\\232u\\271\\347\\302[\\241\\337m\\335\\255''\\314\\313\\324\\371\\275ou\\336\\205Y\\361\\030\\200\\355\\340L\\003\\262x\\200\\347\\300\\260\\211{\\367\\230&&+\\2749\\035\\303\\010\\357c\\020F\\373\\267\\375\\333(\\202\\331:\\304Q\\275\\266i\\364\\247U\\323\\326\\373\\031\\210\\034\\316\\023qd\\3520\\240-\\360\\225\\272\\026&\\036\\220_\\313;\\035E\\231A{\\013F\\240S\\020\\332V{qu*\\247\\243_\\333]''\\220n\\261wN \\204\\301`\\027B\\306yh.c\\201\\240\\023.\\007\\247Dv\\033\\211\\320\\011\\271\\233\\211+E\\364\\206\\311m\\253bm\\267N\\025i9\\265\\212\\365k\\243\\212M\\031W\\025\\265\\361\\034+\\\\\\214\\350\\304wF\\315\\206Gu\\324<\\366\\356\\256\\256\\362\\342\\352\\024mM\\023\\325\\335e\\325\\020\\326\\315\\242F#w\\031\\327eV/|\\243df\\007\\270"C\\252\\266\\231\\231\\252l\\255\\370N\\232HR\\201A\\023\\3513\\\\\\206\\033\\267\\334UU\\343e\\032)\\332z\\227\\006\\333\\035\\004\\253\\256\\237&Z\\317\\272;\\374r1\\245r-\\300(\\370\\312\\025cW\\003\\361\\255b=\\220\\212\\270\\000\\371m\\236\\247\\313\\260\\252\\307,[\\355\\214\\342\\273\\211\\0020\\317\\3701\\204\\014Y\\363\\031\\005\\215\\032Bp\\270A\\230EM_\\372\\177\\221\\354\\246\\023Hc\\375V`;\\311y\\241\\247''''g\\222\\\\\\204u\\230a\\260\\201\\350\\012\\331\\033\\315\\2360)\\344\\211\\021&\\310x 2\\251 T\\262\\234O\\330\\340T\\274\\370\\346\\032n\\360.6)L\\266\\264i\\227u\\267r\\373\\264\\031a\\246w\\331f>c@a\\306\\012\\223\\314\\325\\215\\253*\\263\\333\\016*I\\370\\363\\003z&\\366}~\\233\\\\\\303\\010\\026\\320{\\273$gT\\256@\\276\\004\\201<\\015\\021\\310\\003\\013E\\024\\350\\262\\203k/X\\311\\026\\330\\003\\246\\344\\336\\3324\\332|\\235\\235\\004LB\\232S7\\216\\272\\234g;\\226L\\246\\337\\336\\377\\350\\276a\\232!\\262S\\254\\366B\\227Z\\357= L=\\0166\\0157\\233\\325IP\\246<C\\244\\003\\205\\371@Q\\013\\015\\351\\214\\232=\\356\\214\\307\\221\\016\\036}&\\355\\367\\200A\\323\\370\\034<\\022U\\231\\024\\355\\342eJ\\2530\\313)\\033F\\332c\\320\\230me#\\260:\\335sh(4\\350\\277\\217\\245V?6vA\\034M$N\\002Ci\\023\\255C\\211~G\\335B\\204\\346\\223\\354\\301\\247\\335\\207[\\304\\376\\323CO\\247\\375\\036p\\247\\033\\217\\343\\3309(r\\2646\\356IJ\\330\\356\\324\\371\\211\\251\\336ndO\\217@\\203\\376{v~\\302\\330\\330\\264\\316|\\376\\230\\034\\206\\306HP\\237\\227\\337)\\000\\217+\\372\\323i\\276g\\334\\035Y\\324''%\\374\\364\\300\\320g\\377X\\324\\221\\314\\263\\013\\340\\264)C;4\\037\\002\\362t]\\330\\013\\366t\\343b\\225c\\341\\323\\314{\\000!\\311\\374\\242:\\005\\252\\001\\263f#\\\\\\007\\236\\3709|V\\035\\354B\\363\\244\\376z\\221\\327)u\\021QX\\356\\002\\026\\352\\255u\\356{m\\316Y\\267Q\\226@\\312\\213\\254\\017\\212Jr\\210?\\354\\250\\334\\0049*\\001mD\\331!\\004\\017\\271J\\000\\311\\\\vTfO\\324K\\022\\2304UgG\\252\\221R\\367\\243\\336\\223uu\\203;\\220#\\367\\206\\235\\354\\035\\242\\3525[%\\206\\006I\\235\\332\\340\\031\\244V\\204x3A\\000\\203l\\036\\034\\314\\267?\\246\\214\\362*\\2078\\321\\272>fP\\245)\\014\\245\\271\\332\\365\\371\\202\\021\\301\\200Qt\\211|\\347,:\\316\\236\\241\\226{\\255K\\312w\\245\\345\\031ek\\320\\033\\372\\253\\310\\246w\\331\\253GG\\305\\223\\257rgMIc\\233\\2641\\2434;Y\\015=\\327$\\212G\\350\\275\\372\\272\\243l\\203\\356\\224\\246}R\\223\\351\\206\\354\\316\\015V1\\2461G\\260\\215\\362\\030\\222b.t\\345\\330\\254\\263l\\354\\354\\340|\\251i\\222\\030\\362j\\234kh\\334\\373`\\263\\310''"d\\233\\230\\023>v)\\037F\\373v90XB\\233\\344\\031\\313C\\252\\216\\200\\231\\341\\241\\314BX\\347!\\206\\302C\\314<X\\030x\\240Yt\\336\\304\\274%\\266\\333\\024\\017\\265\\306\\370\\336C>u\\241\\262\\204y\\253f\\273Y\\343\\254Q\\007>FCh\\267g\\226v5X\\2449\\007Bw\\003\\364\\335|FX+\\352\\007\\363\\231\\206\\336b\\376\\021l6a\\262f\\350.\\352''\\336\\202p]\\\\}\\267p\\347\\201\\210\\211\\214\\331\\222\\213Z\\304\\275\\013m\\011\\2551`\\015\\205\\267\\250i\\244\\351\\2070\\313\\213k\\200\\326h\\200O\\352\\\\\\005\\261TL\\334\\373h\\242\\325\\2465\\315\\366F\\036\\302&\\230m*\\342\\277\\371\\335\\226\\206\\232B\\261s\\254e|@\\375\\214\\361\\336\\263:S\\245_\\236e\\011\\036\\346!\\001\\021\\310\\024''\\271\\256\\322\\250\\214\\023\\375nX_\\233\\360E\\260\\365\\311\\023{\\011M\\372\\205\\225\\241K\\311`\\034\\012\\206\\220\\366\\313\\222\\331\\245\\214\\003?\\234V\\203\\255\\213\\237\\355GX\\345;-\\206U]m\\234\\261$\\307U\\331\\372\\344\\211\\275\\004z\\241\\210\\025B\\037\\272aB\\026\\324>\\265\\227\\324R\\033\\260\\222\\332\\247\\366\\222\\232\\3030\\254\\034\\335\\001\\031\\223>\\355\\227\\026^#\\375\\027\\230\\311P\\337\\206`C\\220\\257\\013,-\\320\\257\\257:\\365\\014\\230hD\\310N|\\310hT\\211*\\367\\221PW\\373\\235\\216\\002\\223\\032\\0302\\024m\\306\\317}<\\014u\\307Z\\350\\331\\313\\335\\374\\202\\317\\276qX,\\332\\213`\\334r\\321>\\266\\227E\\257\\202\\261\\222\\350C\\307^\\256\\024\\375[}s!\\015M3\\014\\363\\355\\312$\\212\\225k\\327\\324\\234\\332\\247\\214\\035\\333\\264w\\237YA\\355S{I\\315\\345gVN\\363\\314!"!\\227\\237\\271`\\204<r\\230~\\344*37\\371\\310#{\\031\\314\\275dV\\016\\363\\370`\\246\\016\\267\\331\\036\\264\\030\\353s\\0116k\\262\\251\\3668\\323\\350\\020}6\\271\\276\\313\\007\\323\\241cPN\\317\\334\\361b\\264G\\361\\014\\026j\\217\\260p\\026\\322\\237l\\321\\313:\\212u\\204\\346#\\207L\\004M\\266\\325b\\022hk\\036\\352:R_\\317\\344\\200\\226)\\276\\222\\232d\\264\\3273\\271@\\205>\\375F\\367\\243M\\272t\\230\\313\\255\\276(\\367\\361\\266\\352\\212\\343\\340\\214\\334y\\344"\\204\\352\\211C\\276\\202?X\\302\\245-\\314gNF\\036_)\\347,\\026\\241\\255\\323\\334\\263\\220c\\236\\327\\371\\336n\\236e)\\001L\\212\\370\\0362\\326S\\030\\340\\344\\357b\\233\\0270>\\301\\005N\\026\\277FW\\021\\371x\\330\\024\\370\\010\\222p\\005\\363\\202\\\\\\261\\365\\317O\\317\\316\\005\\266\\346\\303aN\\236\\345y\\020)\\362\\345\\006\\372d~\\330\\366p]8\\304\\306\\355\\274\\020\\354z]\\235a-\\016\\320\\337\\305p\\326\\342PInu\\203\\242\\353\\347K\\377\\337U\\225\\013\\357\\346\\237_I\\255W\\336m\\206\\300r\\341\\235z\\377\\331\\025\\373\\241\\342\\000\\352\\261\\216\\017Y#I\\003\\311\\023\\310\\226\\217 \\223\\251\\020\\206\\261W\\355L\\256\\310\\303\\333\\012\\326\\303\\341&\\377\\222\\204\\277\\226\\010\\022\\367Y\\0111\\006\\006*!R\\362\\356\\254w<\\343\\256-\\312I-\\007\\224\\253z$\\222A\\3306\\336\\326\\324) \\263Q\\2713\\310\\276\\3144W\\323\\3119\\341\\027\\26391\\217~\\033\\266S\\321~V\\015\\015%\\375T\\255\\344J\\33693/X_1<)\\350C\\350\\336\\243C\\213(\\324\\327J\\217\\025wG\\025T\\210\\214\\227\\275\\243T\\236\\361\\262\\017*9\\266Ke\\0071\\337\\345\\0202\\313\\235YM\\342\\252l$\\377)\\006\\317\\177\\336Q\\004\\240\\277{s\\2543\\303\\312\\223\\366\\241X\\354-\\207\\245X\\354\\205\\3316\\025\\353\\032;\\326\\025\\007\\305\\256L\\366\\326\\255yZqP\\363\\207\\266\\216\\250o\\350\\036\\353l\\031e\\035\\341H\\3702\\010\\242\\301\\024|}B\\2521\\367\\\\\\203v\\016\\212\\\\\\352\\321\\342\\207\\245\\247\\323\\256O\\375)\\347\\254\\267\\350l\\345\\035\\014Z_*\\270\\366\\256A_\\2666\\376\\032\\325\\276x\\271\\014\\307\\324F\\241x;\\022b\\006;J\\267\\251X\\334\\366\\011\\020\\315\\311\\271\\351\\300q\\014\\364lV\\0034\\0228\\230\\033\\265\\375\\350\\340z\\323F\\356\\225p\\355\\360I\\016\\234H\\326\\246D\\214t\\037}\\010\\251\\333A\\243\\247\\373\\302\\311\\201a\\310\\205\\036\\215\\336\\000\\3353[\\231\\362\\366Z\\177N\\230\\236a\\214\\356D\\346\\230\\244+\\337\\026\\265\\231S\\010;\\022\\202\\3505\\325>tj\\007\\037\\000\\353\\317{\\035b\\014\\354@N\\3460l\\337\\234\\353q\\031\\324=\\273\\036\\303\\361\\313\\303"\\026\\2332\\372\\231\\0169\\373\\212z\\\\as<\\324`\\316#7\\032\\206\\010aO\\017F\\262\\241\\234s\\373\\343\\372:*b/\\371\\016\\2748vF\\332.\\033\\326.r\\250\\362\\322\\017\\036R4\\362$\\323\\330E\\027\\243\\344\\366\\322R{\\251ZP\\263?\\210b\\333\\260M\\022\\335\\276R\\211\\327\\363\\217\\210M\\220|\\227$\\236<V\\211V\\362)\\351\\331\\302\\314da\\252\\006\\364\\334E:21\\023\\227\\230\\332:\\032\\222\\032\\3118\\254\\013\\222m\\304\\276U\\232\\312\\304k!\\266E\\003-\\251\\035\\372F\\325\\206\\226QE\\356\\013\\361d\\212n\\220\\027\\352\\036(9>F\\3460\\023a\\317_\\247\\226\\275\\221\\030\\2010\\265\\224\\344z\\223\\261\\224I\\304d\\223tf\\207LdV*\\352\\362\\232L5=\\177\\340\\301P\\215\\271wU\\263\\030)\\031Ov\\000\\3211X\\304\\004\\007\\313]~5u]\\3418\\245[\\177\\303\\273,\\345D\\2061\\204\\365w;\\202\\357\\346\\356v\\355vd\\251\\324\\241\\004`\\016*O0\\262;&\\367r\\237\\273\\373\\352\\346\\010\\334]\\316\\212+\\367@\\362\\3451\\373\\356:\\020s\\311\\227\\241\\320\\036\\242L\\3609-\\362\\353\\032\\346\\341\\272\\0251G2\\023\\270\\344v\\017\\264\\314M\\262J\\233\\275\\214\\240QSD8\\264\\360\\021\\255:\\001\\332Z\\274\\315\\212p\\005\\226\\005z\\215b\\251\\274\\372\\277\\364\\375\\014\\242\\262\\362\\342\\0170\\270In\\313bS\\026\\250\\3130~\\210\\270\\273lx3dj\\277b\\037\\343u\\236\\337n\\252\\240p\\027]@j\\206\\370h\\333m\\362\\256\\014\\243\\200\\352\\375AqZB#\\002\\357\\262\\3523%x,\\013|\\266d\\275\\245\\222>I\\027\\352u\\202j\\363\\321\\315\\341=\\2147\\021\\022\\226\\337&\\013\\360\\004\\373\\350\\206f\\352Op\\015\\226\\333\\346N\\233^H\\367@\\360f\\237_\\207`\\235\\2018\\257e\\264\\365\\321O\\204\\341 ~\\376\\341\\377\\214\\307\\306\\230\\241\\221\\000\\000', '6.2.0-61023');
INSERT INTO "dbo"."__MigrationHistory" VALUES ('201802050954440_RemovedRecipeAndUpdatedReservation', 'EPatient.Migrations.Configuration', E'\\037\\213\\010\\000\\000\\000\\000\\000\\004\\000\\355\\035\\333n\\353\\270\\361\\275@\\377A\\320S[d\\343$\\007\\007\\330\\006\\316.r\\342\\244\\010\\2729\\011\\342\\234m\\337\\016\\030\\211v\\204\\325\\305\\253K\\032\\243\\350\\227\\355C?\\251\\277PR\\324\\205w\\221\\222m\\331g\\203\\005\\016b^\\206\\303\\231\\341pf\\304\\231\\375\\337o\\377\\235\\376\\370\\026\\205\\316+L\\263 \\211/\\334\\323\\343\\023\\327\\201\\261\\227\\370A\\274\\274p\\213|\\361\\335\\367\\356\\217?\\374\\361\\017\\323k?zs~\\256\\307}\\300\\343\\320\\3148\\273p_\\362|u>\\231d\\336\\013\\214@v\\034\\005^\\232d\\311"?\\366\\222h\\002\\374drvr\\362\\327\\311\\351\\351\\004"\\020.\\202\\3458\\323\\307"\\316\\203\\010\\226?\\320\\317\\253$\\366\\340*/@x\\227\\3700\\314\\252v\\3243/\\241:\\237A\\004\\263\\025\\360\\340\\205{\\375\\000\\362\\000\\306\\3711\\031\\352:\\227a\\000\\020\\032s\\030.\\\\\\007\\304q\\222\\243\\001I|\\376%\\203\\363<M\\342\\345|\\205\\032@\\370\\264^A4n\\001\\302\\014V\\310\\237\\267\\303M\\367qr\\206\\3671i''\\326\\240\\274"\\313\\223\\310\\022\\340\\351\\207\\2120\\023~z/\\362\\272\\015\\341\\020\\351\\256\\021\\211\\3635\\336uI>D\\271\\010\\246K\\304\\334\\365,\\361\\362$u\\035~\\315\\363\\2530\\305\\343\\005"\\037sS\\217\\234z\\300Q#\\023Ht\\360\\177G\\316U\\021\\346E\\012/bX\\344)\\010\\217\\234\\207\\3429\\014\\274\\277\\303\\365S\\362\\013\\214/\\342"\\014iD\\021\\252\\250\\217i@M\\017i\\262\\202i\\276~\\204\\213\\012\\375[\\337u&\\354\\274\\011?\\261\\231F\\315!;\\272\\215\\363\\017g\\256\\363\\031-\\016\\236C\\330\\310\\001\\265\\3739\\332\\031\\374\\033\\214a\\012r\\350\\243\\015\\3460\\2151\\014XRRX\\235[k\\206f\\325\\253\\341\\277\\237\\220\\200K\\026\\324\\003AB\\233v#\\315\\301\\370\\014^\\203e\\271\\007\\0114\\327y\\204a\\331\\231\\275\\004+rNx~~%\\003o\\322$zLBQT\\312\\376\\257\\363\\244H=\\274\\305D3\\350\\011\\240\\266\\234Eq:ieQ+\\241\\004\\015s\\261\\304\\343\\337eQ\\262\\026\\376\\267^\\015)A\\244\\314]\\347\\016\\274\\375\\004\\343e\\376r\\341\\236}\\374\\210\\270\\035\\274A\\277n\\2510\\370\\022\\007H\\367\\243IyZ\\330\\013\\357\\274H\\343Q\\026\\306r0\\316\\312\\017 \\313\\376\\225\\244\\376\\356W\\306g\\320ZS\\010\\330\\277\\006!\\0227\\001\\216\\251\\202\\251\\001H\\225L\\251\\017\\332\\021\\255va:\\004\\265\\302\\366\\312\\364\\211\\016#\\014C\\212\\015\\356(UTF\\243\\322\\2666+\\325xP]5\\212\\246H`\\325\\237c>dRT\\232nA\\357\\262=\\002J\\\\\\267\\014-c]\\3332\\306\\\\\\337\\326s\\336u\\356H:\\327\\230\\273\\344\\030\\230s\\026\\217\\177\\347\\352H\\\\\\3552\\341\\344Z\\244S\\241\\361\\212U\\242\\353z\\311V\\243\\205l\\004\\254\\231\\364.e\\222\\265f`}\\277xz\\201\\377\\200\\360\\227aW\\372<\\007iN\\\\\\017\\336\\025\\321O\\274\\216\\375>\\323J\\314\\027\\365\\254O\\011\\2221\\020\\357\\253\\333c|\\361\\362GGq/\\367\\274xK\\351\\267\\273w\\253\\003\\363~t~\\357\\256\\316\\247 \\315_|\\260\\036\\034i@\\024\\367\\361\\031\\030vp\\037^\\222XG\\205\\217''\\333 \\302u\\004\\202p\\367\\264\\277\\014C\\230.\\003l\\325+\\227F\\177\\032-m\\354\\317@\\244p^\\211"\\223\\233\\001\\355\\200\\257\\215j\\241\\354\\001\\261[\\364t$c\\006\\371\\026\\024@+#\\264\\235\\366\\256\\352dJG}\\267\\333\\036 \\325eo\\035@\\010\\374\\241*dFi\\220\\2760\\036\\241\\027\\254tz\\250\\347\\261\\344\\226\\271\\011\\302\\026\\325 \\006\\351\\332l\\221."\\226\\202>4\\2303Gg''\\360\\006\\307\\2046k\\2125\\032i3\\232Kpi4\\332\\315\\024\\305\\212n\\235(6\\343\\344(V\\335Z\\024\\3531\\266(*\\015Z\\0328o\\322\\362}Z\\314\\206\\233\\265\\015y\\314\\365}5\\345]\\327K\\326\\032\\307\\254}HK\\026V\\313\\242EC{\\030\\263"\\255n\\376\\255\\204\\246\\007\\250"M\\254\\272>\\231\\262p5\\337''\\034$a\\200\\315A\\272\\314\\262\\304\\013J|\\250\\323\\336"\\302\\356\\016]\\334\\2166\\210N8W\\207\\337\\221\\314\\240\\363\\023\\254\\320\\211AK_\\270\\177\\021\\310\\245\\002\\330\\330\\210-\\300\\2266,\\320\\223\\343\\343S\\001.:i0\\305\\242\\016\\302+Ditv\\2038\\027\\217e\\020\\243\\213\\033\\204:\\024\\270I\\206\\247\\031\\023\\274\\001\\317\\367\\314\\340\\012{?q\\256\\243\\245\\311\\272\\264\\224\\212\\3537\\313pz\\246\\2136\\323\\011%\\024zY\\241\\202\\200*\\276\\312"\\202-SI\\240\\230e\\350)\\277\\367\\351}<\\203!\\314\\241s\\351\\221\\267\\015W \\363\\200/\\236>$\\344\\276\\001"\\022\\3512\\023\\327^b%R`\\0072%\\356\\326d\\321\\372\\253\\336(\\302\\304\\205\\307T|T\\305\\312Z^R\\021bs\\375\\243\\372\\366\\245\\027\\221\\215\\312j/\\351\\222\\343\\275\\003\\011\\223\\363\\301d\\341\\332\\306\\037E\\312\\244oOTB\\241\\177\\210\\322\\212\\206\\360\\266\\311\\\\\\356\\264\\317X\\366^\\372t\\330\\357@\\006u\\374\\331{I\\2249\\240\\312\\313K\\347\\215R\\327)\\035\\3712\\227Am\\224\\216\\266\\300*/y\\337\\244P\\203\\377.\\256Z5o\\314\\214\\270&\\3762\\212\\030\\012\\276\\207JJ\\324\\216H+"\\215\\033n.|J\\367\\305\\300\\366\\037_\\364T\\330\\357@\\356T\\3748\\014\\317A\\022\\3322QOB\\234k\\243\\312\\217\\217\\220uK\\366\\370\\022\\250\\301\\177\\307\\312\\217\\343\\215\\311\\352T\\324xt1\\324Z\\202\\352p\\346F\\005\\360\\260\\254?\\025\\346;\\226\\273=\\266\\372H\\320\\015\\315\\311\\321\\014\\230\\326>Hu\\347\\343v\\370&{\\213\\201P\\254\\342\\326Y\\025K\\345\\245\\007\\303\\235\\303\\\\\\356\\325d\\256\\323\\206\\373T>\\212 \\220,\\310\\352m\\227\\000\\207\\210b\\307\\344\\372~\\221\\001h/\\363\\016 \\230\\3232\\000$h\\3241\\231~\\004+@\\240"\\004\\235\\033)9%\\337Ge\\016wm\\203\\371\\206.\\356\\206\\326\\032\\035\\240*u)\\003\\323\\334O\\034\\010J0Y\\336R\\301fj\\214\\364\\3614\\177N\\272\\302\\300\\015\\332\\215\\024\\011G\\255+\\360K\\201\\240d\\211Wc\\354\\346\\0146N\\277Z\\024w\\255\\012gv\\0054)d+\\231\\325\\354W\\022\\207\\354\\242W\\217\\215\\362o\\315\\304\\315\\352\\302m&\\0017\\012i\\372\\254iv\\256\\010\\261ma\\367\\362\\004#\\221\\006\\335\\301 \\363p\\020\\265\\015Q\\033k\\250\\242\\015\\000m\\2016\\322\\357\\336\\222\\263\\320\\025\\2350\\216O\\320\\247\\203Q\\205\\272C\\242\\211H0\\252\\241\\326\\316\\203\\311"~\\202\\023i\\242w\\225\\315\\234e\\012\\373V\\233k(\\241t\\217\\267\\245!eo\\016\\364\\342!\\365\\337\\214=\\270\\241\\342\\301\\373l\\006\\004\\036H\\026\\2256\\321;\\023f\\356\\304PjlJ{\\324\\337\\213\\033\\323\\265\\351\\233NHVt\\3250\\235(\\322\\247\\247w`\\265\\012\\342%\\225N]\\2658s\\222K}\\365\\335\\334>\\3178"0&\\036sG\\363\\206v\\263\\022\\322\\250`\\011\\271^\\2644\\302\\364&H\\263|\\006\\320\\215\\004\\360\\207\\374+?\\022\\206\\361\\206\\272\\302:\\253WS\\330\\342"\\347j\\333\\255\\236\\210\\377f]\\003E\\352\\263\\304\\277\\251`\\334\\240}F\\330?*_~\\250/#\\021\\202\\203\\363\\334A\\010R\\311{\\223\\253$,\\242X\\355\\261\\251g\\223|dz>i1\\207P\\273i4\\014\\225\\353\\206\\345\\220#\\204\\340\\334\\011d\\027|b\\226\\235F\\314VY\\213\\346\\034\\226i\\012\\003\\266\\312\\247m\\207\\227\\3445\\020=\\237\\264\\230Ch\\036\\254\\323@\\232F;\\231\\020\\001\\265\\255\\346\\220\\332\\324Y\\032R\\333j\\016\\251\\376hN\\303Q}H\\327\\341\\323FdY\\214\\324\\221\\332\\321\\244\\27658\\206H\\276\\312\\2142\\220~\\365\\324\\261O\\300H\\034!~\\347\\020n\\224Q\\025{N\\310\\247\\375N\\271@9\\302CX\\321\\206\\247\\354\\371\\241\\231\\273\\255\\213\\236N\\036d/|\\272\\307\\342\\262h\\023\\015\\230\\353\\242m6\\207\\325\\244\\032\\320\\220\\232F\\313].$\\373[|s&M\\343T\\017\\323\\355\\322\\220\\201\\221jW\\314\\034[\\247l\\333\\266is\\353h@m\\2539\\244:\\271\\216\\206S\\267YX$$\\271\\2161FH\\223\\305\\361#\\251r\\314\\341#M\\3460\\250\\2747\\032\\016\\325\\2747G\\207q\\331\\007]\\306\\324G\\201\\036w\\262n\\366v\\216\\321>\\352l\\222\\036\\306\\032\\323\\201\\335\\335&\\234\\200\\231\\345\\001\\250S\\303\\030\\347\\240j3\\207B2\\277h\\030\\244\\305\\206\\026\\315+#\\226 \\312\\307G\\032^\\267\\037\\355\\031^\\253\\277\\345\\253a\\035\\304\\215\\330\\304\\021\\207\\034iE\\224\\324\\3408+g\\356\\353\\215X\\345\\3610\\202\\226J>N\\352`\\264y<\\314\\361kZ\\017\\332\\263\\026\\242\\253\\374\\220f\\365&\\312\\312ES\\247Ud\\263\\273b\\245\\020\\352$C\\\\\\007\\221\\3515\\360q\\230s\\276\\316r\\030\\035\\343\\001\\307\\363_\\303\\253\\220|\\024\\252\\007\\334\\2018X\\300,'')o\\356\\331\\311\\351\\031W\\367r\\177jPN\\262\\314\\017%\\221aM!J\\226m;H\\337\\0130q;\\023\\364l\\363\\336\\250\\372\\217>\\372;\\037^\\3771\\220\\226\\011\\271Ev\\344\\333\\205\\373\\357r\\312\\271s\\373\\317\\257d\\326\\221s\\237"a9wN\\234\\377l\\252\\216\\224\\344I\\326\\241\\362\\207\\350P\\262@\\374\\012R\\357\\005\\244bN\\345\\260: \\033\\203\\313W4l\\001\\253\\305\\3416\\373\\022\\007\\277\\026H$\\236\\322\\002b\\031\\030\\210\\004_\\334pc\\273ck\\027\\232J9\\231e!\\345\\262\\035\\361Y\\245\\246\\213\\2673U\\010\\210\\005\\004\\354k\\361\\275\\2374[\\322\\211\\321\\317w\\262Y\\325p\\3736h''+\\240V.4\\264|\\232\\354&7)\\025\\302UX\\351\\013\\206-\\257\\366\\034\\330\\357h\\337,\\012y\\242\\325\\241\\312\\335A\\031\\025|\\355\\260\\336V*[;\\254\\217T2u\\303\\244\\033\\304\\225\\303\\206\\224\\005\\333\\030\\325\\204\\252_5\\344?E\\340\\355\\317\\033\\262\\000\\224\\001\\303\\203=\\031F\\232\\264O\\261\\252\\336p\\350bU}d\\226.T\\325g>[\\244\\312B\\212DPt!*\\004\\347\\271\\254E\\325\\013\\222P|\\312\\334 \\256&\\0162\\310\\251\\220\\245\\335\\362\\315\\304A\\313\\357\\333\\345(O\\304;T\\025\\260\\225\\313\\221)Q\\224B\\020\\016.P\\324\\307N\\334\\246#i!@}\\213\\007\\265o\\254\\373\\326\\367a\\323GvU\\311E\\363`i+E\\201\\016$\\225\\327\\254\\010\\320Xu\\177v) \\2127T\\343\\011\\307!\\024\\3641b\\320\\226\\204\\203J\\004\\354W@\\250w\\241\\261\\235\\226\\350\\331\\267\\264\\330\\201ey\\306\\224\\030!\\215vH\\031\\240\\275\\226\\236\\356\\324\\203=\\223!\\233\\202:M\\346\\333\\216\\353\\333H\\263v\\372W\\021\\350i\\306\\250\\336\\346m3M\\377\\333*\\206ce\\302nI\\202\\232\\364\\274>\\005x\\366\\336\\000V\\277\\227\\331G\\033\\330\\242\\234\\215\\005\\333\\2769\\325c\\303\\324\\035\\253\\036\\315\\363\\265\\375*E3\\246\\3653\\236\\344\\354\\312\\352\\261\\025\\233\\321\\213\\311\\210\\251\\254<\\363\\264\\245bL*\\305\\220\\027c\\027\\256\\377\\234 \\256\\2230QW\\215\\003i=\\031e9\\031\\331\\012\\362\\224e\\036l{\\347\\012\\240\\333.\\031xu\\322<\\277\\004\\011V\\010\\340I\\263\\014\\264\\264\\010\\210\\272B\\215\\276@\\215l\\001u\\301\\015U\\001\\033]\\375\\0329u\\024\\225\\025\\004\\342\\320''_\\244\\021\\335+%\\225&\\311]U\\376FW\\375F\\266\\206\\262\\014\\300vk\\343\\360\\222\\311&.\\212\\012\\203\\327\\360\\324,i\\315\\245\\321\\252\\337\\010\\005oF\\331\\314\\006+\\334\\030\\241\\250\\212\\033Is\\357\\206ooK%l\\354\\267\\252\\270/\\244\\265\\0056 \\242\\333\\250N\\303\\351@&\\315L\\267u\\211n\\023\\362k\\206oY\\3609\\207U\\236\\351\\257v8\\365\\312\\344\\036l\\226\\263\\033+,c\\201\\362\\010\\234\\335p\\321\\030\\373\\263\\273\\331mZ\\324\\204\\021\\263\\023\\220\\335[\\304\\370\\341\\004\\3715\\203Y\\260lAL\\021\\314\\030z\\214\\305\\333\\214\\271\\215\\027Imxs\\030\\325C\\270\\357\\243wH\\015\\373\\310\\034\\276L\\363`\\001\\274\\034u\\243\\373?+\\37776?\\203\\260(\\325\\3323\\364o\\343\\373"_\\0259\\3322\\214\\236C&\\311\\022\\033\\360\\272\\365\\313\\3027,\\316\\323\\373Ui\\310lb\\013\\010\\315\\000\\2775\\271\\217?\\025A\\3507x\\337H>\\317*@`\\317\\240\\372\\236\\216y\\231\\343\\357\\352\\313u\\003\\351\\263\\220\\312\\246\\002T\\221\\257qh\\236`\\264\\012\\021\\260\\354>\\236\\203W\\330\\0077$\\272?\\301%\\360\\326u\\222\\211\\032H7#X\\262Og\\001X\\246 \\312*\\030\\355|\\364\\023\\311\\260\\037\\275\\375\\360\\177\\320\\021y\\342|\\206\\000\\000', '6.2.0-61023');
INSERT INTO "dbo"."__MigrationHistory" VALUES ('201802060744426_ReservationFileSizeAndNameColumns', 'EPatient.Migrations.Configuration', E'\\037\\213\\010\\000\\000\\000\\000\\000\\004\\000\\355][o\\343\\270\\025~/\\320\\377 \\350\\251-\\262q\\222\\301\\000m\\340\\354"\\023''E\\260\\233I\\020g\\266}\\0330\\022\\355\\010\\253\\213W\\2274n\\321_\\326\\207\\376\\244\\376\\205\\222\\242.\\274\\213\\224l\\313\\236\\015\\026\\030\\304\\274\\034\\036\\362|<<<\\3429\\373\\277\\377\\374w\\372\\303[\\024:\\2570\\315\\202$\\276pO\\217O\\\\\\007\\306^\\342\\007\\361\\362\\302-\\362\\305w\\177v\\177\\370\\376\\367\\277\\233^\\373\\321\\233\\363s\\335\\356\\003n\\207z\\306\\331\\205\\373\\222\\347\\253\\363\\311$\\363^`\\004\\262\\343(\\360\\322$K\\026\\371\\261\\227D\\023\\340''\\223\\263\\223\\223\\277LNO''\\020\\221p\\021-\\307\\231>\\026q\\036D\\260\\374\\201~^%\\261\\007Wy\\001\\302\\273\\304\\207aV\\225\\243\\232yI\\325\\371\\014"\\230\\255\\200\\007/\\334\\353\\007\\220\\0070\\316\\217IS\\327\\271\\014\\003\\200\\330\\230\\303p\\341: \\216\\223\\0345H\\342\\363/\\031\\234\\347i\\022/\\347+T\\000\\302\\247\\365\\012\\242v\\013\\020f\\260b\\376\\274mn:\\217\\2233<\\217I\\333\\261&\\345\\025Y\\236D\\226\\004O?T\\0133\\341\\273\\367Z^\\267Y8\\264t\\327h\\211\\3635\\236u\\271|h\\345"\\230.\\221p\\327\\263\\304\\313\\223\\324u\\3701\\317\\257\\302\\024\\267\\027\\026\\371\\230\\353z\\344\\324\\015\\216\\032L \\350\\340\\377\\216\\234\\253"\\314\\213\\024^\\304\\260\\310S\\020\\0369\\017\\305s\\030x?\\302\\365S\\362\\013\\214/\\342"\\014iF\\021\\253\\250\\216)@E\\017i\\262\\202i\\276~\\204\\213\\212\\375[\\337u&l\\277\\011\\337\\261\\351F\\365!3\\272\\215\\363\\017g\\256\\363\\031\\015\\016\\236C\\330\\340\\200\\232\\375\\034\\315\\014\\376\\025\\3060\\0059\\364\\321\\004s\\230\\306\\230\\006,WR\\030\\235\\033k\\206z\\325\\243\\341\\277\\237\\020\\300%\\003\\352\\211 \\320\\246\\335Ls4>\\203\\327`Y\\316AB\\315u\\036aXVf/\\301\\212\\354\\023^\\236_I\\303\\2334\\211\\036\\223P\\204JY\\377u\\236\\024\\251\\207\\247\\230h\\032=\\001T\\226\\263,N''-\\026\\265\\010%l\\230\\303\\022\\267\\177\\307\\242d,\\374o=\\032R\\202H\\231\\273\\316\\035x\\373\\011\\306\\313\\374\\345\\302=\\373\\370\\021I;x\\203~]Rq\\360%\\016\\220\\356G\\235\\362\\264\\260\\007\\357\\274H\\343Q\\006\\3068\\030g\\344\\007\\220e\\377HR\\177\\367#\\343=h\\255)\\004\\356_\\203\\020\\301M\\240c\\252`j\\002R%S\\352\\203\\266E\\253]\\230\\012A\\255\\260\\2652}\\242\\343\\010\\323\\220r\\203+J\\025\\225\\321\\254\\264\\245\\315H5\\037TU\\315\\242)\\023X\\365\\347X\\016\\231\\224\\225\\246Z\\320\\273l\\215\\300\\022W-c\\313X\\327\\266\\2021\\327\\267u\\237w\\235;\\222\\3165\\226.\\331\\006\\346\\222\\305\\355\\337\\245:\\222T\\273L8\\271\\026\\351Th\\274b\\225\\350\\272^\\330j\\264\\220\\015\\300\\232N\\357(\\223\\2145\\003\\353\\373\\305\\323\\013\\374\\033\\204\\277\\014;\\322\\3479Hsr\\365\\340\\257"\\372\\216\\327\\261\\337\\247[\\311\\371\\242\\356\\365)A\\030\\003\\361\\276^{\\214\\017^~\\353(\\316\\345\\236\\007o\\211~\\273s\\267\\3320\\357[\\347\\267~\\325\\371\\024\\244\\371\\213\\017\\326\\203=\\015h\\305}\\274\\007\\206m\\334\\207\\227$\\326\\255\\302\\307\\223m,\\302u\\004\\202p\\367k\\177\\031\\2060]\\006\\330\\252W\\016\\215\\3764\\032\\332\\370>\\003\\221\\302y%\\212Ln\\006\\264\\015\\2766\\252\\205\\262\\007\\304j\\361\\246#i3\\350nA\\021\\2642B\\333n\\357\\252N\\246t\\324g\\273\\355\\006R\\035\\366\\326\\016\\204\\300\\037\\252Bf\\224\\006\\351K\\343\\021z\\301J\\247\\207znKn\\230\\233 lY\\015b\\220\\256\\315\\006\\351\\246\\272\\241S\\254{\\240y\\360O8\\314\\302\\254\\366\\345P\\337\\323\\034m\\365\\300\\033\\354\\302\\332\\254\\345\\330(\\320\\315(Z\\341\\006\\246Q\\306\\246,V\\353\\326\\311b\\323N\\316bU\\255e\\261nc\\313\\242\\322\\376\\246\\211\\363\\0268_\\247\\345l\\270\\025\\336,\\217\\371\\361Tuy?\\232$c\\215c\\205?\\244\\245\\010\\253a\\321\\240\\241=\\215Y\\221V\\206\\312V<\\351\\003T\\221\\306\\265^\\357L\\231w\\235\\257\\0236\\222\\320\\300f#]fY\\342\\005%?\\324no\\031ag\\207\\354\\014G\\353\\363''\\222\\253\\277\\026 \\314\\240\\375\\023\\254\\320\\216AC_\\270\\177\\022\\226KE\\2601i[\\202\\355\\332\\260DO\\216\\217O\\005\\272h\\247\\301\\024C\\035\\204Wh\\245\\321\\336\\015\\342\\\\\\334\\226A\\214\\354\\014\\020\\352X\\340:\\031\\356f\\274\\340\\015y\\276f\\006W\\370\\262\\026\\347\\272\\2654\\031\\227F\\2518~3\\014\\247g\\272\\326f:\\241@\\241\\307\\012\\345\\263T\\311U\\346\\300l\\205J\\374\\332\\254@O\\371\\271O\\357\\343\\031\\014a\\016\\235K\\217<\\305\\270\\002\\231\\007|q\\367!\\220\\373\\006\\214H\\320e\\006\\327^\\260\\022W`\\007\\230\\022gk2h\\375\\021r\\0240q\\336<\\225\\034U\\256\\275V\\226\\224C\\333\\\\\\377\\250>\\325\\351!\\262Q\\254\\366B\\227\\234\\357\\035 L.\\007\\223\\201k\\033\\177\\024\\224I\\237\\312\\250@\\241\\1777\\323BCx\\212e\\216;\\355\\253\\233\\275G\\237\\216\\373\\035`P''\\237\\275G\\242\\354\\002\\252<\\274t\\267Q\\3528\\245\\035u\\346\\030\\324:\\025i\\013\\254\\272%\\357\\033\\0125\\374\\357\\342\\250U\\313\\306\\314\\210k\\374/\\243\\300P\\270{\\250P\\242\\276\\210\\264\\020i\\256\\341\\346\\340S^_\\014l\\377\\361\\241\\247\\342~\\007\\270S\\311\\3430n\\016\\022\\327\\226\\211z\\022\\374\\\\\\033U~\\274\\207\\254\\033\\331\\343#P\\303\\377\\216\\225\\037''\\033\\223\\321)\\257\\361\\3500\\324Z\\202jw\\346F\\001xX\\326\\237\\212\\363\\035\\343n\\217\\255>\\342tC}r\\324\\003\\246\\365\\035\\244:\\363q9|\\223=\\035A,V~\\353\\254\\362\\245\\362\\350\\301t\\3470\\227\\337j2\\327i\\335}\\252;\\212\\000H\\226d\\365\\024M\\240C\\240\\330\\321\\271>_d\\004\\332\\303\\274\\203\\010\\226\\264\\214\\000q\\032ut\\246\\337\\354\\012\\024(\\017A\\347DJI\\311\\347Q\\231\\303]\\323`>\\371\\213\\263\\241\\265F\\007\\251J]\\312\\3104\\347\\023G\\202\\002&+[\\312\\331L\\265\\221\\276\\365\\346\\367I\\227\\033\\270a\\273A\\221\\260\\325\\272\\034\\277\\024\\011\\012K\\274\\032c''g0q\\372\\221\\2458k\\225;\\263\\313\\241I1[aV3_\\211\\037\\262k\\275zL\\224\\177\\032''NV\\347n3q\\270QL\\323{M3s\\205\\213m\\013\\263\\227\\307C\\211k\\320\\355\\0142w\\007Q\\323\\020\\265\\261fU\\264\\016\\240-\\254\\215\\364\\273\\267d/ty''\\214\\375\\023\\364\\356`T\\241n\\223h<\\022\\214j\\250\\265\\363\\340e\\021?\\301\\211k\\242\\277*\\233]\\226)\\356[m\\256Y\\011\\345\\365x[\\032R\\366\\346@\\017\\017\\351\\375\\315\\370\\0067\\024\\036\\374\\235\\315`\\201\\007.\\213J\\233\\350/\\023f\\327\\211\\241\\253\\261)\\355Q\\177/nL\\327\\246n:!A\\334U\\301t\\242\\210\\366\\236\\336\\201\\325*\\210\\227T\\364wU\\342\\314I\\350\\367\\325ws\\373\\260\\350\\210\\320\\230x\\314\\031\\315\\033\\332\\315HH\\243\\202%\\344j\\321\\320\\210\\323\\233 \\315\\362\\031@''\\022\\300\\037\\362\\257\\374Hh\\306\\033\\352\\012\\353\\254\\036Ma\\213\\213\\222\\253m\\267\\272#\\376\\233\\275\\032("\\265%\\367\\233\\212\\306\\015\\232g\\204\\357G\\345\\313\\017\\365a$RppX>\\010A*yor\\225\\204E\\024\\253ol\\352\\336$|\\232\\356OJ\\314)\\324\\3274\\232\\206\\352\\352\\206q\\310-\\204p\\271\\023\\226]\\270\\023\\263\\3424\\022\\266\\312Z4\\227\\260LS\\030\\210U\\336m;\\262$\\257\\201\\350\\376\\244\\304\\234B\\363\\276\\236&\\322\\024\\332aB$\\324\\226\\232Sj#}iJm\\2519\\245\\372\\2439MG\\365!]\\307O\\353\\221e9R{jGC}kp\\014A\\276\\312\\2142@\\277\\272\\353\\330;`$\\211\\220{\\347\\020i\\224^\\025{I\\310\\273\\375F\\245@]\\204\\207\\210\\242uO\\331\\313C\\323w[\\007=\\035\\353\\310\\036\\370t\\215\\305a\\321\\306E0\\307E[lN\\253\\211\\214\\240)5\\205\\226\\263\\\\H\\346\\267\\370\\346L\\232\\346R=L\\267K]\\006F\\252]\\321sl\\235\\262m\\333\\246\\015\\005\\244\\011\\265\\245\\346\\224\\352X@\\232N]fa\\221\\220X@\\306\\030!E\\026\\333\\217D\\3661\\233\\217\\024\\231\\323\\240\\302\\364h:T\\361\\336l\\035\\346\\312>\\3500\\246>\\012\\3648\\223u\\275\\267\\263\\215\\366Qg\\223h6\\326\\230\\016\\354\\3166a\\007\\314,7@\\035\\311\\306\\\\\\016\\2522s*$P\\215\\246AJ\\354(\\210\\252\\256-\\265\\243D\\242\\316xJ\\244\\324F>\\315\\313''VH\\312\\007Q\\032\\374\\265\\017\\011\\030\\374\\251\\337\\027\\250i\\035\\304)\\335\\3706\\207\\250\\031\\205\\347\\326@\\305({\\356\\353)]\\305\\0261@K%\\037Lu4\\332\\330"F%4\\245\\007}\\333\\027<\\276|\\223f\\364\\306\\363\\313yx\\247\\225\\267\\265;\\351\\247\\340~%M\\\\\\007-\\323k\\340c\\327\\353|\\235\\3450:\\306\\015\\216\\347\\277\\206W!\\371PU7\\270\\003q\\260\\200YN\\302\\360\\334\\263\\223\\3233.u\\350\\376\\244\\361\\234d\\231\\037J\\274\\325\\232\\\\\\236\\254\\330v\\020R\\030\\340\\305\\355\\014\\032\\264\\215\\305\\243Rh\\372\\350\\357|x\\012\\315@\\232i\\345\\026\\331\\266o\\027\\356\\277\\312.\\347\\316\\355\\337\\277\\222^G\\316}\\212\\300r\\356\\2348\\377\\336T*.\\3113\\261C\\225\\017\\321\\241d\\200\\370\\025\\244\\336\\013H\\3058\\317a\\251T6F\\227O\\012\\331\\022V\\303\\3416\\373\\022\\007\\277\\026\\010\\022Oi\\0011\\006\\0062\\301\\347\\207\\334\\330\\354\\330\\364\\217\\246(''\\275,P.\\233\\021\\037\\351j:x\\333S\\305\\200\\230\\304\\300>\\235\\341\\373N\\263]:\\321#\\373\\276lVi\\360\\276\\215\\265\\223\\345\\240+\\007\\032\\232\\201Nv\\222\\233\\244+\\341\\222\\324\\364%\\303f\\250{\\016\\354g\\264o\\026\\205<\\370\\353PqwPF\\005\\237~\\255\\267\\225\\312\\246_\\353\\203J&\\365\\232t\\2028\\371\\332\\220\\314j\\033[5!qZM\\371\\017\\021x\\373\\343\\206,\\000\\245\\023\\363`w\\206\\221&\\355\\223\\357\\2537\\035:\\337W\\037\\314\\322\\271\\276\\372\\364g\\363|Y\\240H$E\\347\\362Bt\\236\\313t^\\275)\\331*\\261>\\351\\272\\372\\034\\306B\\262.sc\\275\\3528\\350\\262@\\271S\\355\\206o:\\016\\032~\\337\\016ny\\340\\342\\241\\252\\247\\255\\034\\334LJ\\247\\024\\202ppB\\247~\\333f{\\227\\\\\\013\\000\\365M\\266\\324\\276I\\357\\233\\017\\211\\015\\267\\331U\\346\\033\\315\\003\\257\\255$Q:\\220\\320g\\263\\244Ic\\345I\\332%@\\024o\\316\\306\\003\\307!$@2\\022\\320\\226\\300A\\005N\\366K\\270\\324;1\\333NS\\032\\355[\\030\\361\\3004Fc"F\\010;\\036\\2226i\\257\\321\\323\\035\\252\\261g\\030\\262I@\\324D\\012\\3568\\037\\2204\\312\\251\\177\\326\\205\\236f\\214\\352-\\3436\\323\\032|[\\311\\203\\254L\\330-!\\250\\011g\\354\\223\\260h\\357\\015`\\365[\\236}\\264\\201-\\322\\377X\\210\\355\\233S=6B\\335\\261\\352\\321<\\255\\333\\257\\324=cZ?\\343!gWV\\217-lFO\\276#\\206\\376\\362\\302\\323\\246\\3261\\311\\254C^\\263]\\270\\376s\\202\\244N\\334D]9!\\244\\371w\\224\\351wd#\\310C\\274y\\262\\355\\231+\\220n\\253d\\344\\325I\\006\\370!\\210\\263B O\\212e\\244\\245IS\\324\\031}\\364\\011}d\\003\\250\\023\\224\\250\\022\\376\\350\\362\\375\\310WG\\221\\211BX\\034z\\347\\213kD\\327J\\227J\\223\\024@\\225.H\\227-H6\\2062m\\302vs\\011\\361\\310d\\003=E\\205\\301kx\\252\\2274G\\325h\\331\\202\\204\\004A\\243Lf\\203\\031\\201\\214XT\\371\\215\\244\\261\\212\\303\\247\\267\\245\\224?\\366SU\\234\\027\\322\\\\\\014\\033\\200\\3506\\262\\371p:\\220\\011\\313\\323M]\\242\\333\\204x\\244\\341S\\026\\356\\234\\3032\\365\\364W;\\234ze\\342"6+\\331\\215%\\342\\261`y\\004\\311n8\\311\\216\\375\\336\\335\\3544-r\\350\\210\\221\\023\\310\\356-b\\374\\250\\203\\374\\232\\301,X\\266$\\246\\210f\\014=\\306\\342m\\332\\334\\306\\213\\2446\\2749\\216\\352&\\334\\367\\321;\\244\\206}d\\016_\\246y\\260\\000^\\216\\252\\321\\371\\237\\225\\377\\333\\237\\237AX\\224j\\355\\031\\372\\267\\361}\\221\\257\\212\\034M\\031F\\317!\\023\\224\\212\\015x\\335\\370e\\242 \\226\\347\\351\\375\\2524d61\\005\\304f\\200\\337\\301\\334\\307\\237\\212 \\364\\033\\276o$\\237g\\025$\\360\\315\\240\\372\\236\\216e\\231\\343\\357\\352\\313uC\\351\\263\\020\\372\\247"T-_s\\241y\\202\\321*D\\304\\262\\373x\\016^a\\037\\336\\020t\\177\\202K\\340\\255\\353\\000\\0305\\221nA\\260\\313>\\235\\005`\\231\\202(\\253h\\264\\375\\321O\\204a?z\\373\\376\\377\\372\\221\\247\\331[\\210\\000\\000', '6.2.0-61023');
INSERT INTO "dbo"."__MigrationHistory" VALUES ('201802060853303_ReservationRemovedFileSize', 'EPatient.Migrations.Configuration', E'\\037\\213\\010\\000\\000\\000\\000\\000\\004\\000\\355\\035\\333n\\353\\270\\361\\275@\\377A\\320S[d\\343$\\007\\007\\330\\006\\316.r\\342\\244\\010\\2729\\011\\342\\234m\\337\\016\\030\\211v\\204\\325\\305\\253K\\032\\243\\350\\227\\355C?\\251\\277PR\\324\\205w\\221\\222m\\331g\\203\\005\\016b^\\206\\303\\231\\341pf\\304\\231\\375\\337o\\377\\235\\376\\370\\026\\205\\316+L\\263 \\211/\\334\\323\\343\\023\\327\\201\\261\\227\\370A\\274\\274p\\213|\\361\\335\\367\\356\\217?\\374\\361\\017\\323k?zs~\\256\\307}\\300\\343\\320\\3148\\273p_\\362|u>\\231d\\336\\013\\214@v\\034\\005^\\232d\\311"?\\366\\222h\\002\\374drvr\\362\\327\\311\\351\\351\\004"\\020.\\202\\3458\\323\\307"\\316\\203\\010\\226?\\320\\317\\253$\\366\\340*/@x\\227\\3700\\314\\252v\\3243/\\241:\\237A\\004\\263\\025\\360\\340\\205{\\375\\000\\362\\000\\306\\3711\\031\\352:\\227a\\000\\020\\032s\\030.\\\\\\007\\304q\\222\\243\\001I|\\376%\\203\\363<M\\342\\345|\\205\\032@\\370\\264^A4n\\001\\302\\014V\\310\\237\\267\\303M\\367qr\\206\\3671i''\\326\\240\\274"\\313\\223\\310\\022\\340\\351\\207\\2120\\023~z/\\362\\272\\015\\341\\020\\351\\256\\021\\211\\3635\\336uI>D\\271\\010\\246K\\304\\334\\365,\\361\\362$u\\035~\\315\\363\\2530\\305\\343\\005"\\037sS\\217\\234z\\300Q#\\023Ht\\360\\177G\\316U\\021\\346E\\012/bX\\344)\\010\\217\\234\\207\\3429\\014\\274\\277\\303\\365S\\362\\013\\214/\\342"\\014iD\\021\\252\\250\\217i@M\\017i\\262\\202i\\276~\\204\\213\\012\\375[\\337u&\\354\\274\\011?\\261\\231F\\315!;\\272\\215\\363\\017g\\256\\363\\031-\\016\\236C\\330\\310\\001\\265\\3739\\332\\031\\374\\033\\214a\\012r\\350\\243\\015\\3460\\2151\\014XRRX\\235[k\\206f\\325\\253\\341\\277\\237\\220\\200K\\026\\324\\003AB\\233v#\\315\\301\\370\\014^\\203e\\271\\007\\0114\\327y\\204a\\331\\231\\275\\004+rNx~~%\\003o\\322$zLBQT\\312\\376\\257\\363\\244H=\\274\\305D3\\350\\011\\240\\266\\234Eq:ieQ+\\241\\004\\015s\\261\\304\\343\\337eQ\\262\\026\\376\\267^\\015)A\\244\\314]\\347\\016\\274\\375\\004\\343e\\376r\\341\\236}\\374\\210\\270\\035\\274A\\277n\\2510\\370\\022\\007H\\367\\243IyZ\\330\\013\\357\\274H\\343Q\\026\\306r0\\316\\312\\017 \\313\\376\\225\\244\\376\\356W\\306g\\320ZS\\010\\330\\277\\006!\\0227\\001\\216\\251\\202\\251\\001H\\225L\\251\\017\\332\\021\\255va:\\004\\265\\302\\366\\312\\364\\211\\016#\\014C\\212\\015\\356(UTF\\243\\322\\2666+\\325xP]5\\212\\246H`\\325\\237c>dRT\\232nA\\357\\262=\\002J\\\\\\267\\014-c]\\3332\\306\\\\\\337\\326s\\336u\\356H:\\327\\230\\273\\344\\030\\230s\\026\\217\\177\\347\\352H\\\\\\3552\\341\\344Z\\244S\\241\\361\\212U\\242\\353z\\311V\\243\\205l\\004\\254\\231\\364.e\\222\\265f`}\\277xz\\201\\377\\200\\360\\227aW\\372<\\007iN\\\\\\017\\336\\025\\321O\\274\\216\\375>\\323J\\314\\027\\365\\254O\\011\\2221\\020\\357\\253\\333c|\\361\\362GGq/\\367\\274xK\\351\\267\\273w\\253\\003\\363~t~\\357\\256\\316\\247 \\315_|\\260\\036\\034i@\\024\\367\\361\\031\\030vp\\037^\\222XG\\205\\217''\\333 \\302u\\004\\202p\\367\\264\\277\\014C\\230.\\003l\\325+\\227F\\177\\032-m\\354\\317@\\244p^\\211"\\223\\233\\001\\355\\200\\257\\215j\\241\\354\\001\\261[\\364t$c\\006\\371\\026\\024@+#\\264\\235\\366\\256\\352dJG}\\267\\333\\036 \\325eo\\035@\\010\\374\\241*dFi\\220\\2760\\036\\241\\027\\254tz\\250\\347\\261\\344\\226\\271\\011\\302\\026\\325 \\006\\351\\332l\\221n\\250\\033\\272\\305\\272\\270U\\236\\250\\241Q\\2439:\\244\\20178\\370\\264Y\\233\\257Q}\\233Q\\221\\202\\357\\244Q\\243\\246(Vt\\353D\\261\\031''G\\261\\352\\326\\242X\\217\\261EQi9\\323\\300y\\333\\231\\357\\323b6\\334~n\\310c~\\261TS\\336/\\025\\311Z\\343\\330\\317\\017i\\311\\302jY\\264hh\\017cV\\244\\225\\211\\261\\225\\030\\370\\000U\\244\\011\\212\\327''S\\026\\027\\347\\373\\204\\203$\\014\\2609H\\227Y\\226xA\\211\\017u\\332[D\\330\\335!\\013\\301\\321F\\353\\011\\347\\3528?\\222\\031t~\\202\\025:1h\\351\\013\\367/\\002\\271T\\000\\033c\\264\\005\\330\\322\\206\\005zr||*\\300E''\\015\\246X\\324Ax\\205(\\215\\316n\\020\\347\\342\\261\\014bd!\\200P\\207\\0027\\311\\3604c\\2027\\340\\371\\236\\031\\\\a7+\\316u\\2644Y\\227\\226Rq\\375f\\031N\\317t\\321f:\\241\\204B/+T\\264Q\\305WY\\350\\261e*\\211H\\263\\014=\\345\\367>\\275\\217g0\\2049t.=\\362\\210\\342\\012d\\036\\360\\305\\323\\207\\204\\3347@D"]f\\342\\332K\\254D\\012\\354@\\246\\304\\335\\232,Z\\177>\\034E\\230\\2708\\234\\212\\217\\252\\240\\\\\\313K*\\024m\\256\\177T\\037\\331\\364"\\262QY\\355%]r\\274w ar>\\230,\\\\\\333\\370\\243H\\231\\364\\221\\213J(\\364/^Z\\321\\020\\036Q\\231\\313\\235\\366\\275\\314\\336K\\237\\016\\373\\035\\310\\240\\216?{/\\2112\\007Tyy\\351\\274Q\\352:\\245Cl\\3462\\250\\015\\007\\322\\026X\\345%\\357\\233\\024j\\360\\337\\305U\\253\\346\\215\\231\\021\\327\\304_F\\021C\\301\\367PI\\211\\332\\021iE\\244q\\303\\315\\205O\\351\\276\\030\\330\\376\\343\\213\\236\\012\\373\\035\\310\\235\\212\\037\\207\\3419HB[&\\352I\\210smT\\371\\361\\021\\262n\\311\\036_\\0025\\370\\357X\\371q\\2741Y\\235\\212\\032\\217.\\206ZKP\\035\\316\\334\\250\\000\\036\\226\\365\\247\\302|\\307r\\267\\307V\\037\\011\\272\\24199\\232\\001\\323\\332\\007\\251\\356|\\334\\016\\337d\\217>\\020\\212U\\334:\\253b\\251\\274\\364`\\270s\\230\\313\\275\\232\\314u\\332p\\237\\312G\\021\\004\\222\\005Y="\\023\\340\\020Q\\354\\230\\\\\\337/2\\000\\355e\\336\\001\\004sZ\\006\\200\\004\\215:&\\323\\257m\\005\\010T\\204\\240s#%\\247\\344\\373\\250\\314\\341\\256m0\\037\\353\\305\\335\\320Z\\243\\003T\\245.e`\\232\\373\\211\\003A\\011&\\313[*\\330L\\215\\221\\276\\322\\346\\317IW\\030\\270A\\273\\221"\\341\\250u\\005~)\\020\\224,\\361j\\214\\335\\234\\301\\306\\351\\347\\221\\342\\256U\\341\\314\\256\\200&\\205l%\\263\\232\\375J\\342\\220]\\364\\352\\261Q\\376Q\\233\\270Y]\\270\\315$\\340F!M\\2375\\315\\316\\025!\\266-\\354^\\236\\311$\\322\\240;\\030d\\036\\016\\242\\266!jc\\015U\\264\\001\\240-\\320F\\372\\335[r\\026\\272\\242\\023\\306\\361\\011\\372t0\\252PwH4\\021\\011F5\\324\\332y0Y\\304Op"M\\364\\256\\262\\231\\263La\\337js\\015%\\224\\356\\361\\2664\\244\\354\\315\\201^<\\244\\376\\233\\261\\0077T<x\\237\\315\\200\\300\\003\\311\\242\\322&zg\\302\\314\\235\\030J\\215Mi\\217\\372{qc\\2726}\\323\\011I\\277\\256\\032\\246\\023E\\236\\366\\364\\016\\254VA\\274\\244\\362\\266\\253\\026gN\\222\\266\\257\\276\\233\\333''4G\\004\\306\\304c\\356h\\336\\320nVB\\032\\025,!\\327\\213\\226F\\230\\336\\004i\\226\\317\\000\\272\\221\\000\\376\\220\\177\\345G\\3020\\336PWXg\\365j\\012[\\\\\\344\\\\m\\273\\325\\023\\361\\337\\254k\\240\\310\\261\\226\\3707\\025\\214\\033\\264\\317\\010\\373G\\345\\313\\017\\365e$BppB=\\010A*yor\\225\\204E\\024\\253=6\\365l\\222\\370L\\317''-\\346\\020j7\\215\\206\\241r\\335\\260\\034r\\204\\020\\234;\\201\\354\\202O\\314\\262\\323\\210\\331*k\\321\\234\\3032Ma\\300V\\371\\264\\355\\360\\222\\274\\006\\242\\347\\223\\026s\\010\\315\\313x\\032H\\323h''\\023"\\240\\266\\325\\034R\\233\\243KCj[\\315!\\325\\037\\315i8\\252\\017\\351:|\\332\\210,\\213\\221:R;\\232\\324\\267\\006\\307\\020\\311W\\231Q\\006\\322\\257\\236:\\366\\011\\030\\211#\\304\\357\\034\\302\\2152\\252b\\317\\011\\371\\264\\337)\\027(Gx\\010+\\332\\360\\224=?4s\\267u\\321\\323Y\\212\\354\\205O\\367X\\\\\\026mF\\003s]\\264\\315\\346\\260\\232\\234\\006\\032R\\323h\\271\\313\\205d\\177\\213o\\316\\244i\\234\\352a\\272]\\03220R\\355\\212\\231c\\353\\224m\\3336m\\022\\037\\015\\250m5\\207Tg\\361\\321p\\3526\\013\\213\\204d\\3611\\306\\010i\\2628~$''\\2179|\\244\\311\\034\\006\\225`G\\303\\241\\232\\367\\346\\3500.\\373\\240\\313\\230\\372(\\320\\343N\\326\\315\\336\\3161\\332G\\235M\\362\\320Xc:\\260\\273\\333\\204\\0230\\263<\\000u\\016\\032\\343\\034Tm\\346PH\\212\\031\\015\\203\\264\\330A\\020U]\\333jC\\325\\346\\275\\022KZ\\3453&\\215\\324\\264\\237\\377\\031\\251Q\\277\\012P\\303:\\210\\273\\265\\211H\\016Q\\016\\212x\\253\\201bP\\316\\334\\327\\273\\265\\312\\010b\\004-\\225|\\346\\324\\301h3\\202\\230\\203\\334\\264\\036\\264\\217.\\304i\\371!\\315\\352M\\274\\226\\213\\313N\\253\\030iw\\221M!hJ\\206\\270\\016"\\323k\\340\\343\\200\\351|\\235\\3450:\\306\\003\\216\\347\\277\\206W!\\371\\274T\\017\\270\\003q\\260\\200YN\\222\\347\\334\\263\\223\\3233\\256T\\347\\376\\224\\315\\234d\\231\\037Jb\\314\\232\\332\\231,\\333v\\220\\010\\030`\\342v\\246\\372\\331f\\320Q%+}\\364w>\\274de \\255lr\\213,\\322\\267\\013\\367\\337\\345\\224s\\347\\366\\237_\\311\\254#\\347>E\\302r\\356\\2348\\377\\331T\\351+\\311\\343\\256C\\345\\017\\321\\241d\\201\\370\\025\\244\\336\\013H\\305\\354\\314a\\245K6\\006\\227/\\302\\330\\002V\\213\\303m\\366%\\016~-\\220H<\\245\\005\\30420\\020\\011\\276\\036\\343\\306v\\307\\226[4\\225r2\\313B\\312e;\\342\\363SM\\027og\\252\\020\\020\\213\\006\\330\\227\\017|?i\\266\\244\\023\\343\\250\\357d\\263*;\\367m\\320NV\\363\\255\\\\hh\\3057\\331MnR\\036\\204+\\012\\323\\027\\014[\\021\\3569\\260\\337\\321\\276Y\\024\\362\\224\\255C\\225\\273\\2032*\\370rg\\275\\255T\\266\\334Y\\037\\251dJ\\235I7\\210\\213\\235\\015\\251d\\2661\\252\\011\\205\\312j\\310\\177\\212\\300\\333\\2377d\\001(C\\217\\007{2\\2144i\\237\\372Z\\275\\341\\320\\365\\265\\372\\310,][\\253\\317|\\266\\256\\226\\205\\024\\211\\240\\350\\332Y\\010\\316sY>\\2537$[%\\326\\253<\\226\\271\\241]M\\034d\\350S\\241P\\273\\345\\233\\211\\203\\226\\337\\267KW\\236*x\\250\\252e+\\227.SD)\\205 \\034\\\\B\\251\\217\\375\\271M\\007\\325B\\200\\372\\2267j_\\201\\367\\255@\\304&\\270\\354\\252\\326\\214\\346I\\325V\\312\\026\\035H\\262\\261Y\\231\\242\\261*\\023\\355R@\\024\\257\\274\\306\\023\\216C(9d\\304\\240-\\011\\007\\225\\252\\330\\257\\304Q\\357Rh;-"\\264o\\211\\273\\003\\013\\007\\215)1B\\242\\357\\220BE{-=\\335\\311\\021{&C6%\\177\\232\\334\\274\\035W\\340\\221\\346\\025\\365\\257s\\320\\323\\214Q\\275\\036\\334f!\\201o\\253\\\\\\217\\225\\011\\273%\\011j\\022\\010\\373\\224\\010\\332{\\003X\\375\\016g\\037m`\\213\\202;\\026l\\373\\346T\\217\\015Sw\\254z4\\317\\342\\366\\253X\\316\\230\\326\\317x\\222\\263+\\253\\307VlF/w#&\\333\\362\\314\\323\\026\\2631\\251eC^\\242]\\270\\376s\\202\\270N\\302D]U\\030\\244\\025o\\224\\005od+\\310\\223\\252y\\260\\355\\235+\\200n\\273d\\340\\325i\\375\\374\\022$X!\\200''\\3152\\320\\3222%\\352\\032:\\372\\022:\\262\\005\\324%AT%vt\\025v\\344\\324Q\\324~\\020\\210C\\237|\\221Ft\\257\\224T\\2324|U\\201\\036]}\\036\\331\\032\\312B\\005\\333\\255\\336\\303K&\\233Z)*\\014^\\303S\\263\\244U\\241F\\253\\317#\\224\\344\\031e3\\033\\254\\301c\\204\\242*n$\\315\\016\\034\\276\\275-\\025\\331\\261\\337\\252\\342\\276\\220V?\\330\\200\\210n\\243~\\016\\247\\003\\231D8\\335\\326%\\272M\\310\\000\\032\\276e\\301\\347\\034V\\033\\247\\277\\332\\341\\324+\\223\\323\\260Y\\316n\\254\\364\\215\\005\\312#pv\\303em\\354\\317\\356f\\267iQ\\265F\\314z@vo\\021\\343\\007\\031\\344\\327\\014f\\301\\262\\0051E0c\\3501\\026o3\\3466^$\\265\\341\\315aT\\017\\341\\276\\217\\336!5\\354#s\\3702\\315\\203\\005\\360r\\324\\215\\356\\377\\254\\374\\037\\355\\374\\014\\302\\242Tk\\317\\320\\277\\215\\357\\213|U\\344h\\3130z\\016\\2314Pl\\300\\353\\326/K\\363\\2608O\\357W\\245!\\263\\211- 4\\003\\374\\206\\345>\\376T\\004\\241\\337\\340}#\\371<\\253\\000\\201=\\203\\352{:\\346e\\216\\277\\253/\\327\\015\\244\\317B\\262\\235\\012PE\\276\\306\\241y\\202\\321*D\\300\\262\\373x\\016^a\\037\\334\\220\\350\\376\\004\\227\\300[\\327\\311+j \\335\\214`\\311>\\235\\005`\\231\\202(\\253`\\264\\363\\321O$\\303~\\364\\366\\303\\377\\001OrsF\\207\\207\\000\\000', '6.2.0-61023');
INSERT INTO "dbo"."__MigrationHistory" VALUES ('201802211053157_DataSeeder', 'EPatient.Migrations.Configuration', E'\\037\\213\\010\\000\\000\\000\\000\\000\\004\\000\\355\\035\\333n\\353\\270\\361\\275@\\377A\\320S[d\\343$\\007\\007\\330\\006\\316.r\\342\\244\\010\\2729\\011\\342\\234m\\337\\016\\030\\211v\\204\\325\\305\\253K\\032\\243\\350\\227\\355C?\\251\\277PR\\324\\205w\\221\\222m\\331g\\203\\005\\016b^\\206\\303\\231\\341pf\\304\\231\\375\\337o\\377\\235\\376\\370\\026\\205\\316+L\\263 \\211/\\334\\323\\343\\023\\327\\201\\261\\227\\370A\\274\\274p\\213|\\361\\335\\367\\356\\217?\\374\\361\\017\\323k?zs~\\256\\307}\\300\\343\\320\\3148\\273p_\\362|u>\\231d\\336\\013\\214@v\\034\\005^\\232d\\311"?\\366\\222h\\002\\374drvr\\362\\327\\311\\351\\351\\004"\\020.\\202\\3458\\323\\307"\\316\\203\\010\\226?\\320\\317\\253$\\366\\340*/@x\\227\\3700\\314\\252v\\3243/\\241:\\237A\\004\\263\\025\\360\\340\\205{\\375\\000\\362\\000\\306\\3711\\031\\352:\\227a\\000\\020\\032s\\030.\\\\\\007\\304q\\222\\243\\001I|\\376%\\203\\363<M\\342\\345|\\205\\032@\\370\\264^A4n\\001\\302\\014V\\310\\237\\267\\303M\\367qr\\206\\3671i''\\326\\240\\274"\\313\\223\\310\\022\\340\\351\\207\\2120\\023~z/\\362\\272\\015\\341\\020\\351\\256\\021\\211\\3635\\336uI>D\\271\\010\\246K\\304\\334\\365,\\361\\362$u\\035~\\315\\363\\2530\\305\\343\\005"\\037sS\\217\\234z\\300Q#\\023Ht\\360\\177G\\316U\\021\\346E\\012/bX\\344)\\010\\217\\234\\207\\3429\\014\\274\\277\\303\\365S\\362\\013\\214/\\342"\\014iD\\021\\252\\250\\217i@M\\017i\\262\\202i\\276~\\204\\213\\012\\375[\\337u&\\354\\274\\011?\\261\\231F\\315!;\\272\\215\\363\\017g\\256\\363\\031-\\016\\236C\\330\\310\\001\\265\\3739\\332\\031\\374\\033\\214a\\012r\\350\\243\\015\\3460\\2151\\014XRRX\\235[k\\206f\\325\\253\\341\\277\\237\\220\\200K\\026\\324\\003AB\\233v#\\315\\301\\370\\014^\\203e\\271\\007\\0114\\327y\\204a\\331\\231\\275\\004+rNx~~%\\003o\\322$zLBQT\\312\\376\\257\\363\\244H=\\274\\305D3\\350\\011\\240\\266\\234Eq:ieQ+\\241\\004\\015s\\261\\304\\343\\337eQ\\262\\026\\376\\267^\\015)A\\244\\314]\\347\\016\\274\\375\\004\\343e\\376r\\341\\236}\\374\\210\\270\\035\\274A\\277n\\2510\\370\\022\\007H\\367\\243IyZ\\330\\013\\357\\274H\\343Q\\026\\306r0\\316\\312\\017 \\313\\376\\225\\244\\376\\356W\\306g\\320ZS\\010\\330\\277\\006!\\0227\\001\\216\\251\\202\\251\\001H\\225L\\251\\017\\332\\021\\255va:\\004\\265\\302\\366\\312\\364\\211\\016#\\014C\\212\\015\\356(UTF\\243\\322\\2666+\\325xP]5\\212\\246H`\\325\\237c>dRT\\232nA\\357\\262=\\002J\\\\\\267\\014-c]\\3332\\306\\\\\\337\\326s\\336u\\356H:\\327\\230\\273\\344\\030\\230s\\026\\217\\177\\347\\352H\\\\\\3552\\341\\344Z\\244S\\241\\361\\212U\\242\\353z\\311V\\243\\205l\\004\\254\\231\\364.e\\222\\265f`}\\277xz\\201\\377\\200\\360\\227aW\\372<\\007iN\\\\\\017\\336\\025\\321O\\274\\216\\375>\\323J\\314\\027\\365\\254O\\011\\2221\\020\\357\\253\\333c|\\361\\362GGq/\\367\\274xK\\351\\267\\273w\\253\\003\\363~t~\\357\\256\\316\\247 \\315_|\\260\\036\\034i@\\024\\367\\361\\031\\030vp\\037^\\222XG\\205\\217''\\333 \\302u\\004\\202p\\367\\264\\277\\014C\\230.\\003l\\325+\\227F\\177\\032-m\\354\\317@\\244p^\\211"\\223\\233\\001\\355\\200\\257\\215j\\241\\354\\001\\261[\\364t$c\\006\\371\\026\\024@+#\\264\\235\\366\\256\\352dJG}\\267\\333\\036 \\325eo\\035@\\010\\374\\241*dFi\\220\\2760\\036\\241\\027\\254tz\\250\\347\\261\\344\\226\\271\\011\\302\\026\\325 \\006\\351\\332l\\221n\\250\\033\\272\\305\\272\\270U\\236\\250\\241Q\\2439:\\244\\20178\\370\\264Y\\233\\257Q}\\233Q\\221\\202\\357\\244Q\\243\\246(Vt\\353D\\261\\031''G\\261\\352\\326\\242X\\217\\261EQi9\\323\\300y\\333\\231\\357\\323b6\\334~n\\310c~\\261TS\\336/\\025\\311Z\\343\\330\\317\\017i\\311\\302jY\\264hh\\017cV\\244\\225\\211\\261\\225\\030\\370\\000U\\244\\011\\212\\327''S\\026\\027\\347\\373\\204\\203$\\014\\2609H\\227Y\\226xA\\211\\017u\\332[D\\330\\335!\\013\\301\\321F\\353\\011\\347\\3528?\\222\\031t~\\202\\025:1h\\351\\013\\367/\\002\\271T\\000\\033c\\264\\005\\330\\322\\206\\005zr||*\\300E''\\015\\246X\\324Ax\\205(\\215\\316n\\020\\347\\342\\261\\014bd!\\200P\\207\\0027\\311\\3604c\\2027\\340\\371\\236\\031\\\\a7+\\316u\\2644Y\\227\\226Rq\\375f\\031N\\317t\\321f:\\241\\204B/+T\\264Q\\305WY\\350\\261e*\\211H\\263\\014=\\345\\367>\\275\\217g0\\2049t.=\\362\\210\\342\\012d\\036\\360\\305\\323\\207\\204\\3347@D"]f\\342\\332K\\254D\\012\\354@\\246\\304\\335\\232,Z\\177>\\034E\\230\\2708\\234\\212\\217\\252\\240\\\\\\313K*\\024m\\256\\177T\\037\\331\\364"\\262QY\\355%]r\\274w ar>\\230,\\\\\\333\\370\\243H\\231\\364\\221\\213J(\\364/^Z\\321\\020\\036Q\\231\\313\\235\\366\\275\\314\\336K\\237\\016\\373\\035\\310\\240\\216?{/\\2112\\007Tyy\\351\\274Q\\352:\\245Cl\\3462\\250\\015\\007\\322\\026X\\345%\\357\\233\\024j\\360\\337\\305U\\253\\346\\215\\231\\021\\327\\304_F\\021C\\301\\367PI\\211\\332\\021iE\\244q\\303\\315\\205O\\351\\276\\030\\330\\376\\343\\213\\236\\012\\373\\035\\310\\235\\212\\037\\207\\3419HB[&\\352I\\210smT\\371\\361\\021\\262n\\311\\036_\\0025\\370\\357X\\371q\\2741Y\\235\\212\\032\\217.\\206ZKP\\035\\316\\334\\250\\000\\036\\226\\365\\247\\302|\\307r\\267\\307V\\037\\011\\272\\24199\\232\\001\\323\\332\\007\\251\\356|\\334\\016\\337d\\217>\\020\\212U\\334:\\253b\\251\\274\\364`\\270s\\230\\313\\275\\232\\314u\\332p\\237\\312G\\021\\004\\222\\005Y="\\023\\340\\020Q\\354\\230\\\\\\337/2\\000\\355e\\336\\001\\004sZ\\006\\200\\004\\215:&\\323\\257m\\005\\010T\\204\\240s#%\\247\\344\\373\\250\\314\\341\\256m0\\037\\353\\305\\335\\320Z\\243\\003T\\245.e`\\232\\373\\211\\003A\\011&\\313[*\\330L\\215\\221\\276\\322\\346\\317IW\\030\\270A\\273\\221"\\341\\250u\\005~)\\020\\224,\\361j\\214\\335\\234\\301\\306\\351\\347\\221\\342\\256U\\341\\314\\256\\200&\\205l%\\263\\232\\375J\\342\\220]\\364\\352\\261Q\\376Q\\233\\270Y]\\270\\315$\\340F!M\\2375\\315\\316\\025!\\266-\\354^\\236\\311$\\322\\240;\\030d\\036\\016\\242\\266!jc\\015U\\264\\001\\240-\\320F\\372\\335[r\\026\\272\\242\\023\\306\\361\\011\\372t0\\252PwH4\\021\\011F5\\324\\332y0Y\\304Op"M\\364\\256\\262\\231\\263La\\337js\\015%\\224\\356\\361\\2664\\244\\354\\315\\201^<\\244\\376\\233\\261\\0077T<x\\237\\315\\200\\300\\003\\311\\242\\322&zg\\302\\314\\235\\030J\\215Mi\\217\\372{qc\\2726}\\323\\011I\\277\\256\\032\\246\\023E\\236\\366\\364\\016\\254VA\\274\\244\\362\\266\\253\\026gN\\222\\266\\257\\276\\233\\333''4G\\004\\306\\304c\\356h\\336\\320nVB\\032\\025,!\\327\\213\\226F\\230\\336\\004i\\226\\317\\000\\272\\221\\000\\376\\220\\177\\345G\\3020\\336PWXg\\365j\\012[\\\\\\344\\\\m\\273\\325\\023\\361\\337\\254k\\240\\310\\261\\226\\3707\\025\\214\\033\\264\\317\\010\\373G\\345\\313\\017\\365e$BppB=\\010A*yor\\225\\204E\\024\\253=6\\365l\\222\\370L\\317''-\\346\\020j7\\215\\206\\241r\\335\\260\\034r\\204\\020\\234;\\201\\354\\202O\\314\\262\\323\\210\\331*k\\321\\234\\3032Ma\\300V\\371\\264\\355\\360\\222\\274\\006\\242\\347\\223\\026s\\010\\315\\313x\\032H\\323h''\\023"\\240\\266\\325\\034R\\233\\243KCj[\\315!\\325\\037\\315i8\\252\\017\\351:|\\332\\210,\\213\\221:R;\\232\\324\\267\\006\\307\\020\\311W\\231Q\\006\\322\\257\\236:\\366\\011\\030\\211#\\304\\357\\034\\302\\2152\\252b\\317\\011\\371\\264\\337)\\027(Gx\\010+\\332\\360\\224=?4s\\267u\\321\\323Y\\212\\354\\205O\\367X\\\\\\026mF\\003s]\\264\\315\\346\\260\\232\\234\\006\\032R\\323h\\271\\313\\205d\\177\\213o\\316\\244i\\234\\352a\\272]\\03220R\\355\\212\\231c\\353\\224m\\3336m\\022\\037\\015\\250m5\\207Tg\\361\\321p\\3526\\013\\213\\204d\\3611\\306\\010i\\2628~$''\\2179|\\244\\311\\034\\006\\225`G\\303\\241\\232\\367\\346\\3500.\\373\\240\\313\\230\\372(\\320\\343N\\326\\315\\336\\3161\\332G\\235M\\362\\320Xc:\\260\\273\\333\\204\\0230\\263<\\000u\\016\\032\\343\\034Tm\\346PH\\212\\031\\015\\203\\264\\330A\\020U]\\333jC\\325\\346\\275\\022KZ\\3453&\\215\\324\\264\\237\\377\\031\\251Q\\277\\012P\\303:\\210\\273\\265\\211H\\016Q\\016\\212x\\253\\201bP\\316\\334\\327\\273\\265\\312\\010b\\004-\\225|\\346\\324\\301h3\\202\\230\\203\\334\\264\\036\\264\\217.\\304i\\371!\\315\\352M\\274\\226\\213\\313N\\253\\030iw\\221M!hJ\\206\\270\\016"\\323k\\340\\343\\200\\351|\\235\\3450:\\306\\003\\216\\347\\277\\206W!\\371\\274T\\017\\270\\003q\\260\\200YN\\222\\347\\334\\263\\223\\3233\\256T\\347\\376\\224\\315\\234d\\231\\037Jb\\314\\232\\332\\231,\\333v\\220\\010\\030`\\342v\\246\\372\\331f\\320Q%+}\\364w>\\274de \\255lr\\213,\\322\\267\\013\\367\\337\\345\\224s\\347\\366\\237_\\311\\254#\\347>E\\302r\\356\\2348\\377\\331T\\351+\\311\\343\\256C\\345\\017\\321\\241d\\201\\370\\025\\244\\336\\013H\\305\\354\\314a\\245K6\\006\\227/\\302\\330\\002V\\213\\303m\\366%\\016~-\\220H<\\245\\005\\30420\\020\\011\\276\\036\\343\\306v\\307\\226[4\\225r2\\313B\\312e;\\342\\363SM\\027og\\252\\020\\020\\213\\006\\330\\227\\017|?i\\266\\244\\023\\343\\250\\357d\\263*;\\367m\\320NV\\363\\255\\\\hh\\3057\\331MnR\\036\\204+\\012\\323\\027\\014[\\021\\3569\\260\\337\\321\\276Y\\024\\362\\224\\255C\\225\\273\\2032*\\370rg\\275\\255T\\266\\334Y\\037\\251dJ\\235I7\\210\\213\\235\\015\\251d\\2661\\252\\011\\205\\312j\\310\\177\\212\\300\\333\\2377d\\001(C\\217\\007{2\\2144i\\237\\372Z\\275\\341\\320\\365\\265\\372\\310,][\\253\\317|\\266\\256\\226\\205\\024\\211\\240\\350\\332Y\\010\\316sY>\\2537$[%\\326\\253<\\226\\271\\241]M\\034d\\350S\\241P\\273\\345\\233\\211\\203\\226\\337\\267KW\\236*x\\250\\252e+\\227.SD)\\205 \\034\\\\B\\251\\217\\375\\271M\\007\\325B\\200\\372\\2267j_\\201\\367\\255@\\304&\\270\\354\\252\\326\\214\\346I\\325V\\312\\026\\035H\\262\\261Y\\231\\242\\261*\\023\\355R@\\024\\257\\274\\306\\023\\216C(9d\\304\\240-\\011\\007\\225\\252\\330\\257\\304Q\\357Rh;-"\\264o\\211\\273\\003\\013\\007\\215)1B\\242\\357\\220BE{-=\\335\\311\\021{&C6%\\177\\232\\334\\274\\035W\\340\\221\\346\\025\\365\\257s\\320\\323\\214Q\\275\\036\\334f!\\201o\\253\\\\\\217\\225\\011\\273%\\011j\\022\\010\\373\\224\\010\\332{\\003X\\375\\016g\\037m`\\213\\202;\\026l\\373\\346T\\217\\015Sw\\254z4\\317\\342\\366\\253X\\316\\230\\326\\317x\\222\\263+\\253\\307VlF/w#&\\333\\362\\314\\323\\026\\2631\\251eC^\\242]\\270\\376s\\202\\270N\\302D]U\\030\\244\\025o\\224\\005od+\\310\\223\\252y\\260\\355\\235+\\200n\\273d\\340\\325i\\375\\374\\022$X!\\200''\\3152\\320\\3222%\\352\\032:\\372\\022:\\262\\005\\324%AT%vt\\025v\\344\\324Q\\324~\\020\\210C\\237|\\221Ft\\257\\224T\\2324|U\\201\\036]}\\036\\331\\032\\312B\\005\\333\\255\\336\\303K&\\233Z)*\\014^\\303S\\263\\244U\\241F\\253\\317#\\224\\344\\031e3\\033\\254\\301c\\204\\242*n$\\315\\016\\034\\276\\275-\\025\\331\\261\\337\\252\\342\\276\\220V?\\330\\200\\210n\\243~\\016\\247\\003\\231D8\\335\\326%\\272M\\310\\000\\032\\276e\\301\\347\\034V\\033\\247\\277\\332\\341\\324+\\223\\323\\260Y\\316n\\254\\364\\215\\005\\312#pv\\303em\\354\\317\\356f\\267iQ\\265F\\314z@vo\\021\\343\\007\\031\\344\\327\\014f\\301\\262\\0051E0c\\3501\\026o3\\3466^$\\265\\341\\315aT\\017\\341\\276\\217\\336!5\\354#s\\3702\\315\\203\\005\\360r\\324\\215\\356\\377\\254\\374\\037\\355\\374\\014\\302\\242Tk\\317\\320\\277\\215\\357\\213|U\\344h\\3130z\\016\\2314Pl\\300\\353\\326/K\\363\\2608O\\357W\\245!\\263\\211- 4\\003\\374\\206\\345>\\376T\\004\\241\\337\\340}#\\371<\\253\\000\\201=\\203\\352{:\\346e\\216\\277\\253/\\327\\015\\244\\317B\\262\\235\\012PE\\276\\306\\241y\\202\\321*D\\300\\262\\373x\\016^a\\037\\334\\220\\350\\376\\004\\227\\300[\\327\\311+j \\335\\214`\\311>\\235\\005`\\231\\202(\\253`\\264\\363\\321O$\\303~\\364\\366\\303\\377\\001OrsF\\207\\207\\000\\000', '6.2.0-61023');
INSERT INTO "dbo"."__MigrationHistory" VALUES ('202306191532405_AutomaticMigration', 'EPatient.Migrations.Configuration', E'\\037\\213\\010\\000\\000\\000\\000\\000\\004\\000\\355]_o\\343\\270\\021\\177/\\320\\357 \\350\\261\\310\\305\\311\\356m\\321\\006\\316\\035\\262qR\\004w\\371\\2038{\\355\\333\\202\\261hG8Y\\362IT\\032\\243\\350''\\353C?R\\277B)Q\\242\\370_\\244d[\\366^p\\300"\\246\\304\\341p\\346\\307\\341p\\304\\231\\373\\337\\177\\376;\\376\\361m\\031y\\2570\\315\\302$>\\367O\\217O|\\017\\306\\263$\\010\\343\\305\\271\\237\\243\\371w\\177\\361\\177\\374\\341\\217\\177\\030_\\005\\3137\\357\\227\\372\\275\\217\\305{\\270g\\234\\235\\373/\\010\\255\\316F\\243l\\366\\002\\227 ;^\\206\\2634\\311\\2229:\\236%\\313\\021\\010\\222\\321\\207\\223\\223\\277\\216NOG\\020\\223\\3601-\\317\\033?\\3461\\012\\227\\260\\374\\201\\177^&\\361\\014\\256P\\016\\242\\333$\\200QV\\265\\343''\\323\\222\\252w\\007\\2260[\\201\\031<\\367\\257\\036\\000\\012a\\214\\216\\311\\253\\276w\\021\\205\\000\\2631\\205\\321\\334\\367@\\034''\\010\\277\\220\\304g_28Ei\\022/\\246+\\334\\000\\242\\247\\365\\012\\342\\367\\346 \\312`\\305\\374Y\\363\\272\\355<N>\\024\\363\\0305\\035kR\\263<C\\311\\322\\221\\340\\351\\307J0#\\261{''\\361\\372TpXtWX\\304h]\\314\\272\\024\\037\\226\\334\\022\\246\\013\\254\\334\\365$\\231\\241$\\365=q\\314\\263\\313(-\\336\\227\\204|,t=\\362\\352\\027\\216(&0t\\212\\377\\216\\274\\313<By\\012\\317c\\230\\243\\024DG\\336C\\376\\034\\205\\263\\237\\340\\372)\\371\\025\\306\\347q\\036E,\\243\\230U\\374\\214k\\300M\\017i\\262\\202)Z?\\302y\\305\\376M\\340{#\\276\\337H\\354H\\2731}\\310\\214nb\\364\\361\\203\\357\\335\\341\\301\\301s\\004)\\016\\230\\331O\\361\\314\\340\\337`\\014S\\200`\\200''\\210`\\032\\0274`)Iita\\254\\011\\356U\\217V\\374\\375\\204\\001\\256\\030\\320L\\004\\2036mgZ\\240q\\007^\\303E9\\007\\0055\\337{\\204Q\\3710{\\011Wd\\235\\210\\372\\374J^\\274N\\223\\345c\\022\\311P)\\237\\177\\235&y:+\\246\\230\\030^z\\002\\270\\015\\361,\\216G\\015\\026\\215\\010%l\\330\\303\\262x\\377\\035\\213\\212\\261\\212\\177\\353\\321\\260\\021\\304\\306\\334\\367n\\301\\333\\3170^\\240\\227s\\377\\303\\247OX\\333\\341\\033\\014\\352\\226\\212\\203/q\\210m?\\356\\204\\322\\334\\035\\274\\323<\\215\\007\\031\\270\\300\\3010#?\\200,\\373g\\222\\006\\273\\037\\271X\\203\\316\\226B\\342\\3765\\2140\\334$:\\266\\006\\246&\\24042\\245=h\\336h\\254\\013\\367@2+\\374S\\225=1qT\\320PrS<(MT\\306\\262\\322\\264\\322\\221j>\\230G5\\213\\266L\\024\\246\\037\\025z\\310\\224\\254\\320\\307\\222\\335\\345\\237H,\\011\\217UlY\\333\\332F1\\366\\366\\266\\356\\363ns\\007\\262\\271\\326\\332%\\313\\300^\\263\\305\\373\\357Z\\035H\\253m.\\234\\332\\212\\264\\0324\\321\\260*l]''lQ+\\344\\0020\\332\\351\\035e\\212\\261&`}?\\177z\\201\\177\\207\\360\\327~[\\372\\024\\201\\024\\221\\243\\207x\\0241w\\274\\212\\203.\\335J\\316\\347u\\257\\317\\011\\306\\030\\210\\367\\365\\330c\\275\\361\\212KG\\263/w\\334xK\\364\\273\\355\\273\\325\\202y_:\\277\\367\\243\\316\\3470E/\\001X\\367\\2164`\\211\\007\\305\\032\\350\\267p\\037^\\222\\330$\\205O''\\333\\020\\302\\325\\022\\204\\321\\356e\\177\\021E0]\\204\\205W\\257\\035\\032\\377i5\\264\\365y\\006b\\203\\363J\\014\\231\\332\\015h^\\370JM\\013\\343\\017\\310\\217\\345\\223\\216\\342\\235^g\\013\\206\\240\\223\\023\\332t{7u*\\243\\243\\337\\333]\\027\\220n\\263w\\016 \\204A_\\0232a,HW\\032\\217p\\026\\256Lv\\250\\343\\262\\024\\206\\271\\016\\243\\206\\3250\\006\\351\\332n\\220v\\252\\033\\332\\305\\332\\264U\\256\\250\\276Q\\243)^\\244\\341\\254w\\360i\\263>\\0375}\\2331\\221\\322\\331\\311`FmY\\254\\344\\326\\312"}O\\315b\\365\\330\\310b\\375\\216+\\213Z\\317\\231%.\\372\\316\\3423#g\\375\\375g*\\036\\373\\215\\245\\352\\362\\276\\251(\\306\\032\\306\\177~HK\\025V\\303\\342A#w\\032\\223<\\255\\\\\\214\\255\\304\\300{\\230"CP\\274^\\231\\252\\270\\270\\370LZH\\322\\013.\\013\\351"\\313\\222YX\\362\\303\\254\\366\\206\\021~v\\330C\\360\\214\\321z\\242\\271:\\316\\2171\\203\\327O\\270\\302+\\006\\017}\\356\\377I\\022\\227\\216 uF\\033\\202\\215lx\\242''\\307\\307\\247\\022]\\274\\322`Z@\\035D\\227X\\322x\\355\\2061\\222\\227e\\030c\\017\\001D&\\026\\204N\\226\\253\\271\\0208%/>\\231\\300Uq\\314\\212\\221I\\2266\\343\\262(\\225\\307\\247\\303\\010v\\246M6\\343\\021\\003\\0123V\\230h\\243N\\257\\252\\320c\\243T\\022\\221\\346\\025z*\\316}|\\037O`\\004\\021\\364.f\\344\\022\\305%\\310f \\220W\\037\\006y`\\301\\210\\002]vp\\355\\004+Y\\002;\\300\\224<[\\233A\\353\\317\\207\\203\\200I\\210\\303\\351\\364\\250\\013\\3125\\272dB\\321\\366\\366G\\367\\221\\315\\014\\221\\215b\\265\\023\\272\\324|\\357\\000aj=\\330\\014\\\\\\373\\370\\203\\240Ly\\311E\\007\\012\\363\\215\\227\\006\\032\\322%*{\\334\\031\\357\\313\\354=\\372L\\334\\357\\000\\203&\\375\\354=\\022U\\007P\\355\\346e:\\2152\\333)\\033b\\263\\307\\2401\\034\\310z`\\325)y\\337Ph\\340\\177\\027[\\255^7vN\\034\\215\\277\\014\\002C\\351\\354\\241C\\211\\376 \\322@\\204\\036\\303\\355\\301\\247=\\276X\\370\\376\\303CO\\307\\375\\016p\\247\\323\\307a\\234\\034\\024\\241-\\033\\363$\\305\\2716j\\374\\304\\010Y;\\262\\207G\\240\\201\\377\\035\\033?A76\\2433Q\\343\\301ah\\364\\004\\365\\341\\314\\215\\002\\360\\260\\274?\\035\\347;\\306\\335\\036{}$\\350\\206\\373 \\334\\003\\246\\365\\031\\244\\332\\363\\213v\\370\\246\\272\\364\\201Y\\254\\342\\326Y\\025K\\025\\321S\\320\\235B\\244>\\325d\\276\\327\\204\\373tg\\024\\011\\220<\\311\\352\\022\\231D\\207@\\261\\245s\\275\\277\\250\\0104\\233y\\013\\221B\\323*\\002$h\\324\\322\\231\\275m+Q`"\\004\\255\\023)5\\245\\236G\\345\\016\\267M\\203\\373X/\\317\\206\\265\\032-\\244*s\\251"C\\367''\\201\\004\\003L^\\267L\\260\\231yGyK[\\\\''ma`\\3126E\\221\\264\\324\\332\\002\\277\\014\\011\\006K\\242\\031\\343''g1q\\366z\\244<k]8\\263-\\240\\3110[a\\3260_E\\034\\262M^\\035&*^j\\223''k\\012\\267\\331\\004\\334\\030\\246\\331\\265f\\230\\271&\\304\\266\\205\\331\\2533\\231d\\031\\264\\007\\203\\354\\303A\\3144dkl\\220\\2121\\000\\264\\005\\331(\\277{+\\326B[t\\302:>\\301\\256\\016\\316\\024\\232\\026\\211!"\\301\\231\\206\\332:\\367\\026\\213\\374\\011N\\226\\211\\371\\250lwXf\\270o\\254\\271A\\022\\332\\343\\361\\266,\\244\\352\\316\\201\\031\\036\\312\\363\\233\\365\\011\\256/<\\3043\\233\\205\\200{\\212EgM\\314\\207\\011\\273\\343D_il\\312z\\324\\337\\213\\251\\353J\\237\\215G$\\375\\272j\\030\\2174y\\332\\343[\\260Z\\205\\361\\202\\311\\333\\256Z\\274)I\\332\\276\\374n\\352\\236\\320\\274$4F3n\\217\\026\\035m:\\022\\266\\250`\\001\\205\\247xh\\314\\351u\\230fh\\002\\360\\216\\004\\212\\017\\371\\227\\301RzMt\\3245\\336Y=\\232\\306\\027\\2275W\\373nu\\307\\342o\\376h\\240\\311\\261V\\234o*\\032\\327x\\236\\313\\342|T\\336\\374\\320oF2\\005\\257H\\250\\007\\021H\\025\\367M.\\223(_\\306\\372\\023\\233\\2767I|f\\373\\223\\026{\\012\\3651\\215\\245\\241;\\272\\0258\\024\\004!\\035\\356$\\261Kgb^\\235V\\312\\326y\\213\\366\\032VY\\012\\013\\265\\252\\273mG\\227\\3446\\020\\333\\237\\264\\330S\\2407\\343Y"\\264\\321\\015\\0232\\241\\246\\325\\236R\\223\\243\\313RjZ\\355)\\325\\037\\315Y:\\272\\017\\351&~\\232\\210,\\317\\221>R;\\030\\352\\033\\207\\243\\017\\362un\\224\\005\\372\\365]\\207^\\001\\003i\\204\\234;\\373h\\243\\214\\252\\270kB\\335\\355w\\252\\005\\346 \\334G\\025Mx\\312]\\037\\206\\276\\333\\332\\350\\331,E~\\303g\\2378l\\026MF\\003\\267]4\\315\\366\\264hN\\003K\\2116:\\316r\\256\\230\\337\\374\\233si\\350\\241\\272\\237mW\\206\\014\\254L\\273\\246\\347\\3206e\\333\\276M\\223\\304\\307\\022jZ\\355)\\325Y|,\\235\\272\\315\\301#!Y|\\2343B\\232\\034\\226\\037\\311\\311\\343\\026\\037i\\262\\247\\301$\\330\\261t\\230\\346\\275Y:\\334\\221\\275\\327f\\314|\\024\\350\\260''\\233zog\\031\\355\\243\\315&yh\\2743\\035\\272\\355m\\322\\012\\2308.\\200:\\007\\215;\\034Tm\\366TH\\212\\031K\\203\\264\\270Q\\220M]\\323\\352"Uz_\\211\\027\\255\\366\\032\\223\\0015\\315\\347\\177\\0165\\372[\\001zZ\\007\\261\\267\\322\\210d\\037\\343\\240\\211\\267Z\\030\\006m\\317}\\335[\\253\\214 \\016h\\251\\3423\\247\\211F\\223\\021\\304-d\\332z\\320gt)N+\\276BG\\247\\361Z!.;\\256b\\244\\355E6\\245\\240)y\\305\\367\\260\\230^\\303\\240\\010\\230\\336\\255\\026\\331oQ\\323r\\013\\342p\\0163D\\262\\345\\374\\323\\357\\217\\377,\\324\\346\\334\\237:\\231\\243,\\013"EP\\331P,\\223\\327\\323\\0162\\377\\302\\030}\\357{\\255\\311}\\2569sL\\221\\312\\242\\002k\\206\\300r\\3253u\\227p*]l\\271\\301^\\350\\333\\271\\377\\257\\262\\317\\231w\\363\\217\\257\\244\\333\\221w\\237b\\274\\234y''\\336\\2777U\\356Jq\\241\\353`UD\\014''\\031\\341\\025\\244\\263\\027\\220\\312\\031\\231\\375\\312\\225l\\212\\254Xw\\221\\322\\325\\203\\341&\\373\\022\\207\\277\\345\\030\\020Oi\\016\\013\\004\\364\\344A\\254\\300\\270\\251\\271\\361\\365\\025\\2551N\\2729`\\\\5#1#\\325z\\364\\246\\253\\216\\003\\271N\\200{\\305\\300\\367\\205\\346*:9t\\372.6\\247Js\\337\\210\\354Tu\\336\\310H}\\313\\274)7s\\233\\242 B)\\230\\316t\\370Bp\\317I\\022\\035\\276[\\241\\316\\325:X\\364\\035\\220g!\\2269\\353\\356\\253\\362u\\316:\\341\\222+r\\246\\232aQ\\345\\254O\\011\\263MIM*PF\\356\\234od\\367\\327F\\032\\017w=\\330\\031\\321.\\005\\265\\272\\023b+ju\\002+[N\\253\\023\\001\\276\\226V;\\202d\\012l\\231\\254\\3475\\202\\240\\013\\001Gc\\325\\251\\376\\225\\203_]\\365\\354\\345\\3303\\301N\\307\\361i\\317^\\343\\357\\335\\376\\252N\\007<X{\\262\\215\\375\\225+\\2244\\217\\022\\320\\301Y\\024\\013%u\\3628\\267z*u\\000Q\\3272F\\315m\\357\\256\\225\\206\\370D\\226]\\325\\2241\\\\\\235\\332Jy\\242\\003I*\\266+G4T\\005\\242]\\002Ds\\233k8p\\034Bi!+\\005m\\011\\034LJb\\267RF\\235K\\236\\355\\264X\\320\\276%\\350\\366,\\0204$b\\244\\204\\336>\\005\\211\\366\\032=\\355I\\020{\\206!\\227\\322>4\\007o\\307\\225v\\224\\371C\\335\\353\\031ttct\\267\\004\\267Y0\\340\\333*\\313\\343\\344\\302n\\011A4Q\\260K)\\240\\275w\\200\\365\\367m\\366\\321\\007v(\\254\\343\\240\\266o\\316\\364\\270(u\\307\\246\\307p\\375m\\277\\212\\342\\014\\351\\375\\014\\207\\234]y=\\256\\260\\031\\274\\254\\215\\234T+*\\317X\\264\\306\\246f\\015\\271qv\\356\\007\\317\\011\\326:\\011\\023\\265U[PV\\266\\321\\026\\266Q\\215\\240N\\236\\026\\3116{\\256D\\272y\\244"\\257O\\337\\027\\207 \\301\\012\\211<iV\\221V\\226#\\321\\327\\3121\\227\\312Q\\015\\240/\\375\\241+\\245c\\252\\244\\243\\226\\216\\246\\306\\203$\\034v\\345\\3132b\\237*EeH\\267\\327\\025\\3421\\325\\341Q\\215\\241-H\\260\\335*="2\\371\\024J\\331`\\210\\026\\236\\351\\245\\254\\3764X\\035\\036\\251\\364\\316 \\223\\331`\\255\\035+\\026uq#e\\026`\\377\\351m\\251\\230\\216\\373T5\\373\\205\\262\\312\\301\\006 \\272\\215:9\\202\\015\\344\\022\\336LSW\\3306)\\323\\247\\377\\224\\2453g\\277\\0328\\335\\315\\216`^\\271\\334\\205\\315jvc%n\\034X\\036@\\263\\033._\\343\\276v7;M\\207\\3524rv\\003\\366{\\363\\270\\270\\213A~M`\\026.\\032\\022cL3\\2063\\316\\343\\245\\357\\334\\304\\363\\244v\\274\\005\\216\\352W\\204\\017\\244\\267\\330\\014\\007\\330\\035\\276HQ8\\0073\\204\\037\\343\\375?+\\377\\207:\\277\\200(/\\315\\3323\\014n\\342\\373\\034\\255r\\204\\247\\014\\227\\317\\021\\227\\356Y8\\360\\246\\361\\313\\022<<\\317\\343\\373U\\351\\310lb\\012\\230\\315\\020O\\001\\336\\307\\237\\3630\\012(\\337\\327\\212\\317\\263\\032\\022\\305\\311\\240\\372\\244^\\350\\022\\025\\237\\326\\027kJ\\351NJ\\252\\323\\021\\252\\304G\\0174Op\\271\\2120\\261\\354>\\236\\202W\\330\\2057\\014\\335\\237\\341\\002\\314\\326u\\316\\212\\236H\\273"x\\261\\217''!X\\244`\\231U4\\232\\376\\370''\\306p\\260|\\373\\341\\377\\030_R\\324o\\207\\000\\000', '6.4.0');

-- ----------------------------
-- Alter sequences owned by
-- ----------------------------
ALTER SEQUENCE "dbo"."EmergencyDoctors_Id_seq"
OWNED BY "dbo"."EmergencyDoctors"."Id";
SELECT setval('"dbo"."EmergencyDoctors_Id_seq"', 120, true);

-- ----------------------------
-- Alter sequences owned by
-- ----------------------------
ALTER SEQUENCE "dbo"."Patients_Id_seq"
OWNED BY "dbo"."Patients"."Id";
SELECT setval('"dbo"."Patients_Id_seq"', 6, true);

-- ----------------------------
-- Alter sequences owned by
-- ----------------------------
ALTER SEQUENCE "dbo"."Pavilions_Id_seq"
OWNED BY "dbo"."Pavilions"."Id";
SELECT setval('"dbo"."Pavilions_Id_seq"', 80, true);

-- ----------------------------
-- Alter sequences owned by
-- ----------------------------
ALTER SEQUENCE "dbo"."Reservations_Id_seq"
OWNED BY "dbo"."Reservations"."Id";
SELECT setval('"dbo"."Reservations_Id_seq"', 14, true);

-- ----------------------------
-- Alter sequences owned by
-- ----------------------------
ALTER SEQUENCE "dbo"."Roles_Id_seq"
OWNED BY "dbo"."Roles"."Id";
SELECT setval('"dbo"."Roles_Id_seq"', 8, true);

-- ----------------------------
-- Alter sequences owned by
-- ----------------------------
ALTER SEQUENCE "dbo"."Services_Id_seq"
OWNED BY "dbo"."Services"."Id";
SELECT setval('"dbo"."Services_Id_seq"', 12, true);

-- ----------------------------
-- Alter sequences owned by
-- ----------------------------
ALTER SEQUENCE "dbo"."Timetables_Id_seq"
OWNED BY "dbo"."Timetables"."Id";
SELECT setval('"dbo"."Timetables_Id_seq"', 16, true);

-- ----------------------------
-- Alter sequences owned by
-- ----------------------------
ALTER SEQUENCE "dbo"."Users_Id_seq"
OWNED BY "dbo"."Users"."Id";
SELECT setval('"dbo"."Users_Id_seq"', 188, true);

-- ----------------------------
-- Indexes structure for table EmergencyDoctors
-- ----------------------------
CREATE INDEX "EmergencyDoctors_IX_UserId" ON "dbo"."EmergencyDoctors" USING btree (
  "UserId" "pg_catalog"."int4_ops" ASC NULLS LAST
);

-- ----------------------------
-- Primary Key structure for table EmergencyDoctors
-- ----------------------------
ALTER TABLE "dbo"."EmergencyDoctors" ADD CONSTRAINT "PK_dbo.EmergencyDoctors" PRIMARY KEY ("Id");

-- ----------------------------
-- Primary Key structure for table Patients
-- ----------------------------
ALTER TABLE "dbo"."Patients" ADD CONSTRAINT "PK_dbo.Patients" PRIMARY KEY ("Id");

-- ----------------------------
-- Primary Key structure for table Pavilions
-- ----------------------------
ALTER TABLE "dbo"."Pavilions" ADD CONSTRAINT "PK_dbo.Pavilions" PRIMARY KEY ("Id");

-- ----------------------------
-- Indexes structure for table Reservations
-- ----------------------------
CREATE INDEX "Reservations_IX_PatientId" ON "dbo"."Reservations" USING btree (
  "PatientId" "pg_catalog"."int4_ops" ASC NULLS LAST
);
CREATE INDEX "Reservations_IX_ServiceId" ON "dbo"."Reservations" USING btree (
  "ServiceId" "pg_catalog"."int4_ops" ASC NULLS LAST
);
CREATE INDEX "Reservations_IX_UserId" ON "dbo"."Reservations" USING btree (
  "UserId" "pg_catalog"."int4_ops" ASC NULLS LAST
);

-- ----------------------------
-- Primary Key structure for table Reservations
-- ----------------------------
ALTER TABLE "dbo"."Reservations" ADD CONSTRAINT "PK_dbo.Reservations" PRIMARY KEY ("Id");

-- ----------------------------
-- Primary Key structure for table Roles
-- ----------------------------
ALTER TABLE "dbo"."Roles" ADD CONSTRAINT "PK_dbo.Roles" PRIMARY KEY ("Id");

-- ----------------------------
-- Indexes structure for table Services
-- ----------------------------
CREATE INDEX "Services_IX_PavilionId" ON "dbo"."Services" USING btree (
  "PavilionId" "pg_catalog"."int4_ops" ASC NULLS LAST
);

-- ----------------------------
-- Primary Key structure for table Services
-- ----------------------------
ALTER TABLE "dbo"."Services" ADD CONSTRAINT "PK_dbo.Services" PRIMARY KEY ("Id");

-- ----------------------------
-- Indexes structure for table Timetables
-- ----------------------------
CREATE INDEX "Timetables_IX_UserId" ON "dbo"."Timetables" USING btree (
  "UserId" "pg_catalog"."int4_ops" ASC NULLS LAST
);

-- ----------------------------
-- Primary Key structure for table Timetables
-- ----------------------------
ALTER TABLE "dbo"."Timetables" ADD CONSTRAINT "PK_dbo.Timetables" PRIMARY KEY ("Id");

-- ----------------------------
-- Indexes structure for table Users
-- ----------------------------
CREATE INDEX "Users_IX_PavilionId" ON "dbo"."Users" USING btree (
  "PavilionId" "pg_catalog"."int4_ops" ASC NULLS LAST
);
CREATE INDEX "Users_IX_RoleId" ON "dbo"."Users" USING btree (
  "RoleId" "pg_catalog"."int4_ops" ASC NULLS LAST
);
CREATE UNIQUE INDEX "Users_IX_Username" ON "dbo"."Users" USING btree (
  "Username" COLLATE "pg_catalog"."default" "pg_catalog"."text_ops" ASC NULLS LAST
);

-- ----------------------------
-- Primary Key structure for table Users
-- ----------------------------
ALTER TABLE "dbo"."Users" ADD CONSTRAINT "PK_dbo.Users" PRIMARY KEY ("Id");

-- ----------------------------
-- Primary Key structure for table __MigrationHistory
-- ----------------------------
ALTER TABLE "dbo"."__MigrationHistory" ADD CONSTRAINT "PK_dbo.__MigrationHistory" PRIMARY KEY ("MigrationId", "ContextKey");

-- ----------------------------
-- Foreign Keys structure for table EmergencyDoctors
-- ----------------------------
ALTER TABLE "dbo"."EmergencyDoctors" ADD CONSTRAINT "FK_dbo.EmergencyDoctors_dbo.Users_UserId" FOREIGN KEY ("UserId") REFERENCES "dbo"."Users" ("Id") ON DELETE CASCADE ON UPDATE NO ACTION;

-- ----------------------------
-- Foreign Keys structure for table Reservations
-- ----------------------------
ALTER TABLE "dbo"."Reservations" ADD CONSTRAINT "FK_dbo.Reservations_dbo.Patients_PatientId" FOREIGN KEY ("PatientId") REFERENCES "dbo"."Patients" ("Id") ON DELETE CASCADE ON UPDATE NO ACTION;
ALTER TABLE "dbo"."Reservations" ADD CONSTRAINT "FK_dbo.Reservations_dbo.Services_ServiceId" FOREIGN KEY ("ServiceId") REFERENCES "dbo"."Services" ("Id") ON DELETE CASCADE ON UPDATE NO ACTION;
ALTER TABLE "dbo"."Reservations" ADD CONSTRAINT "FK_dbo.Reservations_dbo.Users_UserId" FOREIGN KEY ("UserId") REFERENCES "dbo"."Users" ("Id") ON DELETE CASCADE ON UPDATE NO ACTION;

-- ----------------------------
-- Foreign Keys structure for table Services
-- ----------------------------
ALTER TABLE "dbo"."Services" ADD CONSTRAINT "FK_dbo.Services_dbo.Pavilions_PavilionId" FOREIGN KEY ("PavilionId") REFERENCES "dbo"."Pavilions" ("Id") ON DELETE CASCADE ON UPDATE NO ACTION;

-- ----------------------------
-- Foreign Keys structure for table Timetables
-- ----------------------------
ALTER TABLE "dbo"."Timetables" ADD CONSTRAINT "FK_dbo.Timetables_dbo.Users_UserId" FOREIGN KEY ("UserId") REFERENCES "dbo"."Users" ("Id") ON DELETE CASCADE ON UPDATE NO ACTION;

-- ----------------------------
-- Foreign Keys structure for table Users
-- ----------------------------
ALTER TABLE "dbo"."Users" ADD CONSTRAINT "FK_dbo.Users_dbo.Pavilions_PavilionId" FOREIGN KEY ("PavilionId") REFERENCES "dbo"."Pavilions" ("Id") ON DELETE NO ACTION ON UPDATE NO ACTION;
ALTER TABLE "dbo"."Users" ADD CONSTRAINT "FK_dbo.Users_dbo.Roles_RoleId" FOREIGN KEY ("RoleId") REFERENCES "dbo"."Roles" ("Id") ON DELETE CASCADE ON UPDATE NO ACTION;
